FeatureID,FeatureName,Group1-Region1 Average,Group1-Region1 Log2 Fold Change,Group1-Region1 P-Value,Group2-Region1 Average,Group2-Region1 Log2 Fold Change,Group2-Region1 P-Value,Group1-Region2 Average,Group1-Region2 Log2 Fold Change,Group1-Region2 P-Value,Group2-Region2 Average,Group2-Region2 Log2 Fold Change,Group2-Region2 P-Value
ExampleGeneEnsembl-1,ExGene1,0.05065439,0.990443594,0.169502051,0.511386979,0.616578349,0.339620446,0.288187368,0.803065393,0.477318919,0.635081824,0.352555258,0.826198237
ExampleGeneEnsembl-2,ExGene2,0.221338011,0.356840289,0.984888013,0.799520101,0.849179219,0.774406264,0.141633723,0.688662659,0.159664184,0.084895773,0.19283047,0.631964759
ExampleGeneEnsembl-3,ExGene3,0.585659251,0.227258735,0.815533605,0.686288817,0.191455999,0.722789933,0.138634534,0.69182008,0.049166191,0.197768782,0.738485015,0.651161972
ExampleGeneEnsembl-4,ExGene4,0.545300436,0.38563717,0.353411033,0.17865898,0.875874603,0.034265958,0.499314589,0.785347296,0.609346468,0.529160394,0.597648795,0.715266229
ExampleGeneEnsembl-5,ExGene5,0.589699256,0.69864391,0.687296227,0.099824298,0.601969543,0.715872691,0.069140425,0.649232257,0.387051939,0.579866668,0.191273841,0.032511905
ExampleGeneEnsembl-6,ExGene6,0.860098005,0.910191105,0.558306324,0.671357187,0.355849644,0.538216879,0.70983795,0.376700165,0.08893096,0.523611554,0.452946836,0.735897121
ExampleGeneEnsembl-7,ExGene7,0.061057432,0.327267667,0.941192676,0.568104032,0.504123908,0.881469042,0.721113959,0.212599454,0.803104414,0.462226382,0.025026824,0.287988304
ExampleGeneEnsembl-8,ExGene8,0.284707279,0.653607533,0.568099198,0.672451703,0.83436292,0.024470053,0.767281239,0.197261381,0.536637608,0.902560199,0.232345013,0.239280443
ExampleGeneEnsembl-9,ExGene9,0.669728747,0.873845389,0.876966133,0.624381192,0.611674789,0.568143746,0.744115678,0.111674289,0.436968008,0.116091283,0.28863279,0.719850442
ExampleGeneEnsembl-10,ExGene10,0.364784982,0.318151823,0.477911095,0.749880832,0.668702459,0.489094322,0.142162191,0.641465884,0.084803699,0.338194208,0.520499484,0.805049588
ExampleGeneEnsembl-11,ExGene11,0.229825213,0.12985841,0.439367253,0.378449994,0.397856511,0.319467792,0.354259611,0.151469374,0.949256782,0.018882585,0.376483765,0.094690239
ExampleGeneEnsembl-12,ExGene12,0.45436533,0.324221325,0.63107746,0.922340552,0.960697917,0.873763769,0.969199378,0.195109448,0.666968875,0.085853651,0.984599803,0.136725624
ExampleGeneEnsembl-13,ExGene13,0.077057335,0.867504343,0.646297662,0.484147274,0.175441564,0.462679024,0.543781722,0.140316332,0.648478544,0.830671071,0.059794498,0.163548271
ExampleGeneEnsembl-14,ExGene14,0.873777496,0.275230233,0.636172897,0.322781696,0.700820466,0.462248901,0.507060497,0.558521688,0.841763962,0.897729457,0.299011029,0.454093254
ExampleGeneEnsembl-15,ExGene15,0.845786219,0.775628017,0.053588812,0.96262993,0.27970764,0.80331037,0.453235824,0.13163367,0.465288368,0.712941334,0.834262825,0.724371693
ExampleGeneEnsembl-16,ExGene16,0.432106587,0.014203975,0.546276386,0.026411877,0.123303725,0.078080618,0.840525988,0.129576021,0.924332452,0.24023557,0.448520512,0.361679188
ExampleGeneEnsembl-17,ExGene17,0.892129656,0.140528751,0.160003641,0.183676027,0.386341015,0.711071677,0.490055175,0.454367182,0.179865536,0.469215478,0.624341999,0.366469282
ExampleGeneEnsembl-18,ExGene18,0.213043546,0.596318983,0.632791077,0.515284951,0.169041957,0.72088346,0.177374951,0.38331831,0.884336587,0.338916206,0.788158878,0.003620078
ExampleGeneEnsembl-19,ExGene19,0.335879864,0.809819511,0.860905074,0.98090588,0.13765182,0.557222308,0.026643159,0.755101554,0.75055298,0.145467351,0.41113398,0.488081917
ExampleGeneEnsembl-20,ExGene20,0.206794179,0.349384934,0.87565428,0.181362034,0.878196111,0.22668123,0.273290655,0.313056652,0.558704641,0.100665526,0.143456374,0.694100486
ExampleGeneEnsembl-21,ExGene21,0.304603843,0.553232844,0.501129167,0.48777786,0.82548035,0.93970117,0.995053342,0.084323553,0.725031834,0.846174344,0.538686449,0.77148225
ExampleGeneEnsembl-22,ExGene22,0.317770882,0.248349935,0.511145254,0.34294779,0.178430357,0.809210718,0.767177894,0.683649932,0.094715717,0.008700924,0.346027483,0.679958536
ExampleGeneEnsembl-23,ExGene23,0.992757912,0.886612226,0.45621903,0.104099521,0.908872708,0.488374089,0.220698732,0.131361904,0.785525389,0.395619244,0.69580155,0.515527377
ExampleGeneEnsembl-24,ExGene24,0.440859368,0.260669461,0.223757029,0.551935474,0.016922435,0.49012286,0.564706399,0.893392311,0.290354309,0.404727655,0.431454525,0.421538815
ExampleGeneEnsembl-25,ExGene25,0.601590858,0.033202418,0.131441447,0.102354728,0.930440312,0.561926062,0.838204731,0.47785723,0.016826074,0.999405865,0.276610619,0.999517908
ExampleGeneEnsembl-26,ExGene26,0.197465845,0.79261559,0.127651477,0.067525426,0.863600248,0.978225237,0.442020684,0.614915846,0.242469536,0.999486881,0.47718647,0.178045742
ExampleGeneEnsembl-27,ExGene27,0.404036848,0.452038652,0.246292232,0.133633324,0.517506909,0.148026638,0.162507676,0.007753654,0.848054169,0.812624954,0.015802991,0.245106428
ExampleGeneEnsembl-28,ExGene28,0.915368928,0.035785497,0.048316039,0.611143757,0.032344029,0.062462681,0.217343746,0.27784244,0.430449783,0.769719767,0.223999026,0.977392468
ExampleGeneEnsembl-29,ExGene29,0.375355814,0.815824773,0.149285786,0.772542833,0.543282642,0.093734636,0.429655867,0.950756257,0.172981592,0.090970825,0.908323239,0.626069622
ExampleGeneEnsembl-30,ExGene30,0.567615378,0.542384441,0.63932516,0.745730471,0.315315209,0.466402086,0.230584156,0.962286406,0.659908009,0.518683989,0.622451183,0.245565115
ExampleGeneEnsembl-31,ExGene31,0.535312355,0.031253196,0.827998818,0.32954597,0.670193514,0.041566031,0.225935358,0.71295769,0.861893378,0.617314677,0.697494111,0.322767136
ExampleGeneEnsembl-32,ExGene32,0.575418743,0.555528842,0.690731367,0.699799526,0.019624116,0.008483816,0.749319428,0.295458203,0.711600143,0.833445404,0.962335258,0.360072939
ExampleGeneEnsembl-33,ExGene33,0.344919902,0.157040913,0.990652133,0.259984384,0.623335788,0.088783222,0.368240991,0.096061449,0.532113344,0.817879209,0.179729927,0.375834041
ExampleGeneEnsembl-34,ExGene34,0.756010616,0.725326707,0.090456333,0.892409744,0.295099167,0.450462172,0.675155504,0.362296828,0.386706628,0.025380813,0.628044453,0.284821273
ExampleGeneEnsembl-35,ExGene35,0.263736004,0.810169609,0.123887939,0.771204076,0.456835386,0.680711141,0.198294662,0.562642478,0.364890665,0.221216371,0.816437622,0.514442573
ExampleGeneEnsembl-36,ExGene36,0.064079115,0.232844131,0.88185369,0.272276094,0.829185656,0.062317011,0.143848388,0.251153477,0.973402418,0.39417479,0.967780338,0.667920493
ExampleGeneEnsembl-37,ExGene37,0.584604366,0.170008458,0.710273552,0.333196107,0.889392094,0.433477404,0.587093487,0.139254603,0.009858685,0.942462731,0.608167674,0.001724391
ExampleGeneEnsembl-38,ExGene38,0.179507185,0.303977382,0.997804834,0.954493918,0.483339408,0.476827127,0.602851115,0.40577603,0.544084365,0.976965988,0.437071169,0.210173167
ExampleGeneEnsembl-39,ExGene39,0.302317283,0.757681591,0.871444841,0.993932309,0.330194716,0.666378254,0.121027677,0.606786257,0.176015797,0.926176564,0.555887358,0.242906595
ExampleGeneEnsembl-40,ExGene40,0.443479966,0.3495038,0.937744452,0.586102126,0.402655073,0.374894758,0.627660586,0.986408378,0.132719707,2.3288E-05,0.645931225,0.828715808
ExampleGeneEnsembl-41,ExGene41,0.16924953,0.133842214,0.292613768,0.619145256,0.302844273,0.681722924,0.303818181,0.133258245,0.70614896,0.257238053,0.899307449,0.100696917
ExampleGeneEnsembl-42,ExGene42,0.216616218,0.643011085,0.183978217,0.626126391,0.549880043,0.38313954,0.878279284,0.014312336,0.645697121,0.881181787,0.87123235,0.13043422
ExampleGeneEnsembl-43,ExGene43,0.083429299,0.333491394,0.918445842,0.596401223,0.172773234,0.467220782,0.933440128,0.906885747,0.303356267,0.150418282,0.263740464,0.937278951
ExampleGeneEnsembl-44,ExGene44,0.358276342,0.816586258,0.856704888,0.238448407,0.407050784,0.675719348,0.422860161,0.841606828,0.838118774,0.669494452,0.771332718,0.929733838
ExampleGeneEnsembl-45,ExGene45,0.308040491,0.445425822,0.156051579,0.533920015,0.433494219,0.206011538,0.903986198,0.615934266,0.615859523,0.345541238,0.756180479,0.835750717
ExampleGeneEnsembl-46,ExGene46,0.763636449,0.252653131,0.223884052,0.874635978,0.3521498,0.456845455,0.874822407,0.938595616,0.181892356,0.558875036,0.785749411,0.854636893
ExampleGeneEnsembl-47,ExGene47,0.155722505,0.339587082,0.916337603,0.129864469,0.969055563,0.043709071,0.665579937,0.771978199,0.451984282,0.83191808,0.111997717,0.533278741
ExampleGeneEnsembl-48,ExGene48,0.26208534,0.001767856,0.759266468,0.5913695,0.959864403,0.588481524,0.157799613,0.212478529,0.711941898,0.929114467,0.691477307,0.165403578
ExampleGeneEnsembl-49,ExGene49,0.065723062,0.493350622,0.830503265,0.702426428,0.762388935,0.433731351,0.145019815,0.703302007,0.308374077,0.042446674,0.81806976,0.22760547
ExampleGeneEnsembl-50,ExGene50,0.395543588,0.086455038,0.024642576,0.372792494,0.373944084,0.676771232,0.396124852,0.006189645,0.721380837,0.022023326,0.461378203,0.118403022
ExampleGeneEnsembl-51,ExGene51,0.146095059,0.477281942,0.322788129,0.173400118,0.236564457,0.97775821,0.387394975,0.441769734,0.44730148,0.414157448,0.39231589,0.930716781
ExampleGeneEnsembl-52,ExGene52,0.15690986,0.3053775,0.002088927,0.43509858,0.585130459,0.655344463,0.318983282,0.246570051,0.522513501,0.650646567,0.982716645,0.713569724
ExampleGeneEnsembl-53,ExGene53,0.156911442,0.310198579,0.149701921,0.310395704,0.695321493,0.510788206,0.725664305,0.017689211,0.232297754,0.942712465,0.78599418,0.783551941
ExampleGeneEnsembl-54,ExGene54,0.892031658,0.40434754,0.439016241,0.255896694,0.33329267,0.623782489,0.682068386,0.228026668,0.849356517,0.476260692,0.776244256,0.584246046
ExampleGeneEnsembl-55,ExGene55,0.145487973,0.287912044,0.447222553,0.619304633,0.177134014,0.738964947,0.428990992,0.662180143,0.366665583,0.072363135,0.205592228,0.61126178
ExampleGeneEnsembl-56,ExGene56,0.595606183,0.32870777,0.709205327,0.90824397,0.414917382,0.838929961,0.525461566,0.0883123,0.475925208,0.921773215,0.969379073,0.447719569
ExampleGeneEnsembl-57,ExGene57,0.156997195,0.494581894,0.372653538,0.285806008,0.172994845,0.842623525,0.747137757,0.691643455,0.160207587,0.18675918,0.502589372,0.238602
ExampleGeneEnsembl-58,ExGene58,0.715665343,0.719169197,0.981759622,0.020433624,0.746282464,0.754824148,0.421702144,0.981265062,0.922312467,0.837107078,0.570431516,0.054921227
ExampleGeneEnsembl-59,ExGene59,0.263576633,0.477580611,0.948559411,0.296259871,0.829880716,0.252733254,0.589026352,0.178829833,0.64463596,0.374674885,0.672227808,0.247437352
ExampleGeneEnsembl-60,ExGene60,0.187464804,0.733363526,0.924866967,0.962157284,0.158546463,0.937993632,0.79112045,0.892521175,0.765911817,0.297850699,0.544750437,0.665287775
ExampleGeneEnsembl-61,ExGene61,0.904579373,0.415763167,0.354613108,0.964644377,0.616273982,0.19392691,0.005718231,0.530404854,0.26018808,0.876588913,0.269130018,0.110082547
ExampleGeneEnsembl-62,ExGene62,0.75000808,0.924810171,0.999049235,0.023084355,0.574987172,0.495579547,0.527255457,0.385690529,0.537383335,0.439716641,0.553332188,0.315572056
ExampleGeneEnsembl-63,ExGene63,0.286405821,0.256301383,0.437678826,0.911767607,0.587767605,0.783805531,0.484958599,0.080203334,0.271437099,0.307106368,0.548296546,0.006641507
ExampleGeneEnsembl-64,ExGene64,0.444827269,0.977638745,0.406997274,0.482570857,0.738474188,0.985976211,0.704224683,0.893404375,0.816139058,0.008669542,0.431464635,0.726174563
ExampleGeneEnsembl-65,ExGene65,0.261424569,0.847896438,0.737759136,0.494848565,0.784730643,0.715419604,0.86482558,0.83828044,0.105259189,0.099220977,0.963637823,0.550204269
ExampleGeneEnsembl-66,ExGene66,0.757220981,0.80627086,0.154025746,0.238943722,0.625621486,0.298142588,0.386800543,0.629875567,0.020543115,0.244601753,0.505687324,0.597451698
ExampleGeneEnsembl-67,ExGene67,0.176970358,0.439571111,0.208345276,0.386018215,0.17153429,0.528746678,0.828675556,0.4673975,0.188881831,0.73203582,0.07419288,0.790026442
ExampleGeneEnsembl-68,ExGene68,0.868334809,0.572135018,0.301932033,0.064153608,0.938133803,0.110709614,0.274661937,0.058335081,0.930280616,0.83196257,0.79124564,0.051361968
ExampleGeneEnsembl-69,ExGene69,0.706492493,0.745546362,0.89029864,0.26230841,0.496309349,0.093292599,0.45523372,0.45072356,0.380653186,0.31863913,0.402048926,0.066228195
ExampleGeneEnsembl-70,ExGene70,0.147487429,0.651664733,0.09054586,0.742936305,0.405195448,0.471763476,0.624005123,0.772292005,0.480618042,0.666820638,0.167276779,0.267002164
ExampleGeneEnsembl-71,ExGene71,0.672968573,0.046617829,0.915906835,0.94408892,0.497654782,0.273403505,0.311491611,0.060994384,0.005322888,0.371968818,0.34699274,0.22047557
ExampleGeneEnsembl-72,ExGene72,0.512144648,0.135219705,0.5081425,0.156958424,0.646090801,0.076867297,0.070620893,0.541835101,0.703665918,0.840026777,0.892499876,0.2922561
ExampleGeneEnsembl-73,ExGene73,0.031538009,0.649400389,0.159018739,0.589850727,0.267165401,0.545993916,0.277351316,0.093110475,0.908386255,0.611609281,0.416001978,0.759124152
ExampleGeneEnsembl-74,ExGene74,0.740081519,0.240794283,0.010206722,0.9583827,0.024466066,0.009788092,0.388018581,0.304568069,0.629671592,0.439591601,0.4794716,0.612057512
ExampleGeneEnsembl-75,ExGene75,0.314750671,0.36681206,0.278040606,0.726946564,0.392937999,0.77830285,0.154059749,0.780595173,0.777225239,0.147894053,0.27607799,0.112705976
ExampleGeneEnsembl-76,ExGene76,0.750476805,0.719477272,0.266444465,0.941756933,0.174819476,0.493263022,0.191759664,0.975372615,0.450972371,0.010766669,0.583292961,0.201550191
ExampleGeneEnsembl-77,ExGene77,0.404682362,0.895948922,0.052252329,0.403079188,0.680968915,0.623756868,0.025904114,0.475163364,0.645741237,0.623281217,0.476715059,0.604088601
ExampleGeneEnsembl-78,ExGene78,0.569593756,0.61497502,0.174287054,0.179631186,0.373093033,0.834342696,0.98147343,0.404929226,0.108075459,0.215340119,0.136811665,0.289770599
ExampleGeneEnsembl-79,ExGene79,0.972127423,0.299323016,0.017917109,0.739536213,0.925712908,0.178304084,0.185931412,0.097332518,0.593104421,0.992232534,0.077673062,0.729787594
ExampleGeneEnsembl-80,ExGene80,0.742298169,0.081391285,0.085306114,0.669462635,0.697608468,0.242295989,0.19331021,0.120692691,0.75590866,0.135704162,0.752406003,0.391605492
ExampleGeneEnsembl-81,ExGene81,0.224245505,0.292451531,0.417858327,0.982549114,0.01427216,0.59768181,0.798941537,0.445676005,0.865579119,0.368388736,0.549738,0.827832509
ExampleGeneEnsembl-82,ExGene82,0.250765002,0.659347025,0.812089855,0.675560638,0.368711377,0.300209112,0.816730269,0.679564322,0.884854774,0.804986197,0.523088931,0.458162849
ExampleGeneEnsembl-83,ExGene83,0.421503109,0.728613576,0.121220593,0.820353266,0.519979723,0.11686911,0.530782209,0.704517513,0.037639276,0.008901566,0.768495526,0.455364439
ExampleGeneEnsembl-84,ExGene84,0.017912059,0.279242987,0.366926932,0.286789895,0.790678844,0.319962296,0.272349052,0.649921061,0.748706387,0.630516144,0.00948682,0.428917905
ExampleGeneEnsembl-85,ExGene85,0.541067694,0.078533694,0.977574399,0.016108644,0.592735124,0.253888566,0.532156604,0.766256815,0.098534039,0.495932864,0.765571188,0.783514923
ExampleGeneEnsembl-86,ExGene86,0.806217457,0.055470641,0.028106968,0.60140712,0.119027508,0.153583755,0.791357349,0.137104039,0.942560629,0.883782228,0.999826283,0.72745991
ExampleGeneEnsembl-87,ExGene87,0.112352365,0.475867156,0.519021838,0.455921297,0.990579571,0.831555195,0.639036366,0.764142595,0.393067672,0.984324595,0.060600466,0.472516324
ExampleGeneEnsembl-88,ExGene88,0.121151554,0.460284513,0.945894509,0.747665067,0.341204811,0.628012569,0.268190383,0.318104425,0.039966084,0.803554655,0.408944667,0.95699643
ExampleGeneEnsembl-89,ExGene89,0.793761499,0.670300446,0.158128161,0.966840848,0.933225695,0.477974845,0.571005547,0.927094512,0.331963598,0.146066627,0.746292821,0.300097004
ExampleGeneEnsembl-90,ExGene90,0.773752549,0.760687189,0.025838201,0.211266121,0.74957189,0.535886559,0.150536577,0.075573697,0.915614127,0.384781798,0.28145186,0.468233493
ExampleGeneEnsembl-91,ExGene91,0.460902093,0.746150006,0.852097831,0.814912709,0.407635392,0.250735333,0.63919399,0.713084983,0.555908823,0.349157737,0.553523552,0.267835674
ExampleGeneEnsembl-92,ExGene92,0.336773898,0.864599981,0.969552109,0.774548405,0.829016345,0.170431687,0.693720128,0.172742687,0.566314572,0.223786354,0.288951564,0.311069779
ExampleGeneEnsembl-93,ExGene93,0.018565786,0.452109213,0.270471258,0.640284473,0.775065936,0.317409781,0.911485923,0.31551209,0.34989777,0.01339361,0.876444121,0.666861182
ExampleGeneEnsembl-94,ExGene94,0.340922123,0.812551865,0.538577858,0.135015514,0.210798355,0.41656412,0.529736154,0.142402474,0.083623386,0.749946088,0.9979914,0.928051608
ExampleGeneEnsembl-95,ExGene95,0.446510016,0.352060255,0.885234682,0.09986561,0.030670691,0.138896474,0.884249387,0.495834016,0.542783302,0.588003552,0.919208975,0.842993217
ExampleGeneEnsembl-96,ExGene96,0.971786595,0.778379048,0.972335056,0.93127556,0.35746298,0.480912217,0.679305639,0.716621397,0.36668435,0.491648592,0.347878286,0.901672029
ExampleGeneEnsembl-97,ExGene97,0.078667522,0.139844739,0.630861854,0.656438479,0.693561234,0.984533628,0.075984069,0.651221351,0.997918637,0.891425315,0.737631751,0.867100494
ExampleGeneEnsembl-98,ExGene98,0.218016252,0.23840489,0.109857022,0.841733048,0.311997495,0.697875777,0.195586594,0.437203737,0.933747389,0.631548985,0.720173553,0.86207199
ExampleGeneEnsembl-99,ExGene99,0.821321988,0.286695279,0.597055329,0.498073249,0.19505486,0.092078372,0.948200109,0.326087899,0.918582243,0.271213468,0.505883114,0.383316266
ExampleGeneEnsembl-100,ExGene100,0.683090815,0.773582939,0.064338564,0.790224688,0.223060636,0.499736469,0.79564907,0.302077429,0.884238923,0.245654328,0.905643928,0.106908643
ExampleGeneEnsembl-101,ExGene101,0.046340965,0.15880007,0.48481677,0.708926097,0.636634843,0.345134005,0.131904823,0.512792445,0.3563592,0.375770796,0.478670635,0.762526742
ExampleGeneEnsembl-102,ExGene102,0.531385095,0.928187834,0.41880406,0.344414558,0.645760504,0.645576632,0.204721815,0.799708925,0.379202127,0.111039637,0.716820883,0.571042543
ExampleGeneEnsembl-103,ExGene103,0.424458077,0.754446925,0.527494869,0.732991999,0.000840569,0.125940479,0.948987343,0.646469255,0.418378892,0.351497496,0.265031509,0.160417949
ExampleGeneEnsembl-104,ExGene104,0.587190821,0.370597381,0.159382223,0.998020601,0.19892206,0.260410687,0.229438829,0.793105492,0.681850773,0.904548168,0.833857993,0.86888549
ExampleGeneEnsembl-105,ExGene105,0.79482735,0.263368588,0.467700214,0.336151242,0.985034578,0.258375315,0.21022144,0.130502733,0.422312019,0.409057026,0.52796429,0.712339173
ExampleGeneEnsembl-106,ExGene106,0.055546255,0.795912909,0.82477685,0.532641836,0.662157229,0.693488497,0.813307037,0.109088619,0.275165653,0.898049221,0.082421125,0.544990795
ExampleGeneEnsembl-107,ExGene107,0.212826675,0.158071067,0.543693605,0.092006328,0.135677651,0.115026276,0.282811694,0.300785393,0.066113079,0.671622584,0.550859731,0.953158954
ExampleGeneEnsembl-108,ExGene108,0.885984769,0.48380801,0.980612849,0.75383529,0.91442921,0.67855123,0.165254067,0.988825784,0.216508868,0.576701699,0.44789546,0.546824697
ExampleGeneEnsembl-109,ExGene109,0.97553042,0.816859615,0.211611278,0.104664291,0.443666668,0.051862968,0.707657428,0.151858581,0.617298656,0.43329179,0.123187379,0.156267654
ExampleGeneEnsembl-110,ExGene110,0.90792063,0.515930136,0.713419006,0.818148124,0.643760035,0.554265253,0.547098546,0.765829422,0.486964483,0.648076787,0.871817551,0.496196993
ExampleGeneEnsembl-111,ExGene111,0.169551821,0.827929065,0.009698224,0.954740869,0.958649077,0.593992956,0.703430488,0.523303291,0.867263019,0.345575647,0.651749727,0.360420316
ExampleGeneEnsembl-112,ExGene112,0.453626673,0.988378239,0.649989464,0.04023857,0.768234283,0.588184996,0.602771845,0.289413965,0.3845039,0.601466194,0.618141019,0.328670995
ExampleGeneEnsembl-113,ExGene113,0.662870515,0.194294572,0.913551358,0.055816023,0.37284435,0.07607843,0.838963629,0.817665686,0.970461425,0.418323314,0.731495844,0.85137575
ExampleGeneEnsembl-114,ExGene114,0.903192375,0.729856477,0.96005153,0.541464335,0.431816243,0.599983457,0.354611848,0.862430582,0.572732276,0.746258833,0.098519695,0.377363699
ExampleGeneEnsembl-115,ExGene115,0.123314828,0.775874246,0.673891567,0.654949961,0.412866259,0.533842105,0.453780637,0.064286221,0.034354029,0.069856445,0.469326899,0.42394964
ExampleGeneEnsembl-116,ExGene116,0.608428546,0.718923156,0.835691296,0.525723167,0.553917578,0.200280963,0.803884455,0.400736255,0.80638449,0.222934269,0.779830209,0.673854048
ExampleGeneEnsembl-117,ExGene117,0.551771562,0.116889548,0.970696222,0.300924288,0.401951981,0.963682849,0.966387819,0.180355638,0.111524822,0.764804157,0.081399144,0.566064368
ExampleGeneEnsembl-118,ExGene118,0.229653934,0.529144635,0.717890896,0.79050151,0.489503831,0.523471793,0.662638704,0.753386495,0.856525621,0.944417908,0.17212704,0.87995156
ExampleGeneEnsembl-119,ExGene119,0.622781932,0.854288436,0.415820889,0.081770705,0.502722644,0.99277955,0.935562394,0.501958892,0.542845111,0.012073138,0.411671922,0.342484832
ExampleGeneEnsembl-120,ExGene120,0.515754745,0.131170109,0.920809977,0.659931761,0.791762951,0.500205774,0.621148397,0.094669451,0.162495886,0.712355218,0.15812877,0.825621845
ExampleGeneEnsembl-121,ExGene121,0.860809758,0.200460596,0.222799861,0.563705315,0.356061008,0.304015398,0.099335834,0.796613884,0.769333469,0.50728102,0.00704993,0.2731458
ExampleGeneEnsembl-122,ExGene122,0.816968044,0.876529327,0.700432718,0.592570164,0.204767282,0.957269733,0.233659041,0.731757814,0.455049112,0.732972594,0.673561248,0.686228036
ExampleGeneEnsembl-123,ExGene123,0.492486269,0.681238688,0.012355451,0.739727558,0.14938627,0.600433541,0.531830208,0.766301396,0.558194653,0.963073299,0.29906887,0.571800585
ExampleGeneEnsembl-124,ExGene124,0.437065858,0.691484764,0.093528289,0.170306952,0.344261095,0.429989913,0.64577804,0.992749206,0.037400274,0.807838071,0.23044798,0.240473491
ExampleGeneEnsembl-125,ExGene125,0.496067031,0.030944997,0.622625957,0.540955473,0.117798079,0.81862422,0.777270284,0.268941905,0.498348675,0.239969552,0.150044491,0.927973984
ExampleGeneEnsembl-126,ExGene126,0.600971338,0.680190157,0.094483479,0.390267665,0.188287722,0.241315773,0.845740286,0.88951535,0.807073595,0.426522605,0.197603114,0.970350924
ExampleGeneEnsembl-127,ExGene127,0.783667146,0.909758705,0.796272289,0.109731535,0.182601143,0.774049431,0.114661382,0.491447408,0.596903816,0.275298165,0.788877147,0.552035619
ExampleGeneEnsembl-128,ExGene128,0.50174344,0.439055057,0.274625063,0.831590558,0.586869357,0.892932929,0.604979006,0.107150125,0.752563947,0.421705124,0.155812763,0.767049111
ExampleGeneEnsembl-129,ExGene129,0.845195007,0.877136799,0.396591517,0.302232721,0.836113464,0.980239687,0.0857363,0.541771837,0.590873828,0.53834273,0.751600228,0.83267434
ExampleGeneEnsembl-130,ExGene130,0.646487676,0.186074589,0.045367119,0.124462477,0.745087545,0.317209537,0.678841642,0.747182946,0.343119148,0.453839435,0.26730257,0.241928195
ExampleGeneEnsembl-131,ExGene131,0.784190719,0.200984168,0.703882411,0.651791821,0.881005427,0.145629694,0.261683527,0.38179454,0.364401732,0.360305707,0.664588511,0.517760468
ExampleGeneEnsembl-132,ExGene132,0.380661071,0.256072654,0.833774128,0.666886427,0.340220784,0.861930686,0.586293043,0.796541628,0.615661866,0.033852388,0.006810546,0.811667888
ExampleGeneEnsembl-133,ExGene133,0.666510754,0.557311979,0.366816852,0.828461261,0.333567759,0.478797004,0.753024243,0.859528205,0.998588055,0.426601259,0.413658892,0.965137696
ExampleGeneEnsembl-134,ExGene134,0.231145727,0.054222665,0.740047658,0.246156469,0.48186938,0.770968637,0.92324655,0.304838848,0.169655183,0.738578517,0.713895484,0.108823476
ExampleGeneEnsembl-135,ExGene135,0.852114248,0.974320876,0.546343821,0.83567842,0.334518896,0.585735853,0.153243799,0.625456261,0.777620333,0.0486344,0.055656211,0.461207805
ExampleGeneEnsembl-136,ExGene136,0.090337243,0.24937721,0.022341225,0.909472805,0.184563089,0.266495943,0.954228987,0.22884681,0.061809747,0.03986999,0.590179727,0.566127935
ExampleGeneEnsembl-137,ExGene137,0.343295911,0.735436497,0.953414716,0.795414147,0.036241028,0.812466225,0.060089373,0.973329742,0.924324185,0.265215879,0.307407956,0.374916329
ExampleGeneEnsembl-138,ExGene138,0.775479859,0.441779631,0.277095561,0.557736807,0.753027295,0.809982217,0.278234372,0.543501589,0.646380022,0.69436506,0.564142013,0.811051424
ExampleGeneEnsembl-139,ExGene139,0.942310643,0.809185497,0.061645054,0.931448462,0.499288737,0.350508566,0.637312635,0.903066051,0.123629021,0.670680233,0.835798531,0.776153159
ExampleGeneEnsembl-140,ExGene140,0.454233266,0.772358529,0.206519626,0.101178657,0.980000558,0.304103399,0.651165777,0.423010537,0.290705804,0.637651804,0.468502967,0.636750344
ExampleGeneEnsembl-141,ExGene141,0.800542679,0.174416439,0.767686633,0.977878316,0.182434378,0.294074762,0.061432203,0.471080778,0.075598618,0.166270886,0.042732054,0.330124187
ExampleGeneEnsembl-142,ExGene142,0.929208005,0.757620337,0.624785695,0.4281098,0.639102121,0.554817304,0.093491017,0.233315633,0.917833864,0.49994745,0.477263984,0.437875126
ExampleGeneEnsembl-143,ExGene143,0.909868278,0.151900354,0.157452936,0.762393754,0.681565004,0.266735282,0.488101724,0.57628894,0.879036677,0.365463284,0.706469916,0.767734368
ExampleGeneEnsembl-144,ExGene144,0.490356466,0.857462508,0.75341042,0.788154584,0.987717393,0.826514236,0.842630378,0.812542055,0.728183249,0.617714612,0.661939853,0.639160145
ExampleGeneEnsembl-145,ExGene145,0.325095806,0.667601405,0.981002178,0.483193981,0.613594445,0.594390169,0.073086786,0.104443309,0.318231796,0.511873989,0.68825187,0.945018601
ExampleGeneEnsembl-146,ExGene146,0.266323033,0.019778925,0.522420259,0.069700881,0.490424348,0.874550561,0.951180558,0.279604055,0.557403252,0.072228393,0.216597865,0.360748935
ExampleGeneEnsembl-147,ExGene147,0.031366022,0.810009289,0.626965269,0.980247412,0.798711809,0.471663743,0.614659916,0.805995985,0.328959086,0.587545603,0.105845048,0.637421795
ExampleGeneEnsembl-148,ExGene148,0.980588676,0.487792268,0.134047512,0.646949897,0.023160622,0.346571035,0.798108823,0.841202876,0.671666628,0.557169287,0.40923337,0.447083086
ExampleGeneEnsembl-149,ExGene149,0.614544882,0.506617276,0.312647401,0.232063224,0.928477237,0.655930501,0.831944014,0.951889934,0.906364595,0.813342273,0.266298603,0.229942481
ExampleGeneEnsembl-150,ExGene150,0.694433152,0.2965253,0.865747392,0.798362076,0.085405654,0.395951861,0.893155639,0.908942995,0.023565857,0.96805223,0.45023933,0.423733587
ExampleGeneEnsembl-151,ExGene151,0.597189717,0.785896194,0.82864779,0.90877003,0.670409766,0.647647968,0.256748934,0.080871501,0.709132259,0.330836248,0.153017617,0.192705785
ExampleGeneEnsembl-152,ExGene152,0.440480357,0.775929302,0.49443362,0.657888714,0.344679858,0.304755159,0.82895058,0.376767218,0.045869915,0.899314825,0.54467971,0.425727291
ExampleGeneEnsembl-153,ExGene153,0.141205954,0.834583733,0.523896432,0.332262432,0.509028749,0.22115571,0.871703744,0.994683645,0.581310164,0.124771387,0.578099861,0.115126295
ExampleGeneEnsembl-154,ExGene154,0.414156398,0.834355864,0.883405736,0.301673257,0.425496563,0.427218029,0.600399292,0.119289863,0.266474262,0.093830159,0.37072134,0.881482668
ExampleGeneEnsembl-155,ExGene155,0.273825229,0.252433878,0.829607562,0.201622504,0.817375476,0.816146014,0.267482501,0.724132592,0.649128477,0.198535557,0.585947298,0.618573871
ExampleGeneEnsembl-156,ExGene156,0.507386524,0.247643797,0.919319884,0.040073262,0.454250297,0.843289803,0.063730728,0.046869341,0.208532576,0.276639245,0.244512349,0.282993876
ExampleGeneEnsembl-157,ExGene157,0.967770856,0.925612858,0.278098245,0.116729787,0.588581014,0.332735267,0.385762569,0.299298579,0.39071168,0.522115731,0.481336269,0.777053927
ExampleGeneEnsembl-158,ExGene158,0.995927407,0.856928879,0.464403,0.382144056,0.890317692,0.879275744,0.702658747,0.285110351,0.571857316,0.670177667,0.900710722,0.267181193
ExampleGeneEnsembl-159,ExGene159,0.609931955,0.032312628,0.844794147,0.025463381,0.51045816,0.087521837,0.902666376,0.064551234,0.907124343,0.059263487,0.392661628,0.537342704
ExampleGeneEnsembl-160,ExGene160,0.863195208,0.813626263,0.803205831,0.375496077,0.206945404,0.201405278,0.317178062,0.344078808,0.022727517,0.81452616,0.792939693,0.318890679
ExampleGeneEnsembl-161,ExGene161,0.381933415,0.615141679,0.759784064,0.983423752,0.426991501,0.771803363,0.575154263,0.957039442,0.476075397,0.931792244,0.371976189,0.944894319
ExampleGeneEnsembl-162,ExGene162,0.122518378,0.610552411,0.421254155,0.825437958,0.665690343,0.307626297,0.102683461,0.262822728,0.967114107,0.384719456,0.989129441,0.766457207
ExampleGeneEnsembl-163,ExGene163,0.214958522,0.741700026,0.459223646,0.440034818,0.81886503,0.697894542,0.680146264,0.289537488,0.927864084,0.629523684,0.149175571,0.27976992
ExampleGeneEnsembl-164,ExGene164,0.642087161,0.887375446,0.206726466,0.579565799,0.507960377,0.299396464,0.379102081,0.95932904,0.267516481,0.420690733,0.181977186,0.224748603
ExampleGeneEnsembl-165,ExGene165,0.484408815,0.990728187,0.583341237,0.894139761,0.142963152,0.225531757,0.643927527,0.079853424,0.663181624,0.522866955,0.65123705,0.609016375
ExampleGeneEnsembl-166,ExGene166,0.091563816,0.216549292,0.530895641,0.636628891,0.721452439,0.760491777,0.452920432,0.329454194,0.375284097,0.739111485,0.521901849,0.296437138
ExampleGeneEnsembl-167,ExGene167,0.103424444,0.575384345,0.477388198,0.959418484,0.79295503,0.487322548,0.294282549,0.612799686,0.788261848,0.669782033,0.572491516,0.000500892
ExampleGeneEnsembl-168,ExGene168,0.511664623,0.048876132,0.801880465,0.089266266,0.451132845,0.391804071,0.634249305,0.536260207,0.232126368,0.741720831,0.857899462,0.571554011
ExampleGeneEnsembl-169,ExGene169,0.122416314,0.237596809,0.455189687,0.785263994,0.117259596,0.638722026,0.455990458,0.955437711,0.815426377,0.454968514,0.738607426,0.722381435
ExampleGeneEnsembl-170,ExGene170,0.174330293,0.686049066,0.837167119,0.520352134,0.397506441,0.133262192,0.776692529,0.658681603,0.812592296,0.366070943,0.946812345,0.847130286
ExampleGeneEnsembl-171,ExGene171,0.463237162,0.080216946,0.77056438,0.911700562,0.543924236,0.610176473,0.27814051,0.498250745,0.718214052,0.143253702,0.599996236,0.114684181
ExampleGeneEnsembl-172,ExGene172,0.158233605,0.24902364,0.448858866,0.326633699,0.373244393,0.618763907,0.109245943,0.315354545,0.74616794,0.567193162,0.8332683,0.672325179
ExampleGeneEnsembl-173,ExGene173,0.690131168,0.034714794,0.404474355,0.624024285,0.603479022,0.962472063,0.669420085,0.885770362,0.644048554,0.936141144,0.511171552,0.989991728
ExampleGeneEnsembl-174,ExGene174,0.766389114,0.885442673,0.176909522,0.624135102,0.255871218,0.392834322,0.320077154,0.643956084,0.915544577,0.463467996,0.770609084,0.309511961
ExampleGeneEnsembl-175,ExGene175,0.245503432,0.117324548,0.346355393,0.249878652,0.75123828,0.308729221,0.477268034,0.544553993,0.681225713,0.799851288,0.0488318,0.229107244
ExampleGeneEnsembl-176,ExGene176,0.095951222,0.949676321,0.161985339,0.278651037,0.716663181,0.429386573,0.150867701,0.424533834,0.137604979,0.324916219,0.68045795,0.901974713
ExampleGeneEnsembl-177,ExGene177,0.161537249,0.713753069,0.409338863,0.793316486,0.389298419,0.994833951,0.582845555,0.835347359,0.593866722,0.788781703,0.656896631,0.795681818
ExampleGeneEnsembl-178,ExGene178,0.202419614,0.90888588,0.575453565,0.29557412,0.934483216,0.758196265,0.972438595,0.535893349,0.14685908,0.188596292,0.937540435,0.338804077
ExampleGeneEnsembl-179,ExGene179,0.306473663,0.538986057,0.461649782,0.264156709,0.847178545,0.149843392,0.458182941,0.073531095,0.201864272,0.232930253,0.975005822,0.620866836
ExampleGeneEnsembl-180,ExGene180,0.267474712,0.788887127,0.112510622,0.530717188,0.14263132,0.387960083,0.074393027,0.609898251,0.453141691,0.687405713,0.689330293,0.466885843
ExampleGeneEnsembl-181,ExGene181,0.574919184,0.550122539,0.989616838,0.701141645,0.820069159,0.535515454,0.846616977,0.184599497,0.120674383,0.315721053,0.680238239,0.930986485
ExampleGeneEnsembl-182,ExGene182,0.796424941,0.225130339,0.11216286,0.69071575,0.655761222,0.721188742,0.014018192,0.310251064,0.414174258,0.311912062,0.20654742,0.120077114
ExampleGeneEnsembl-183,ExGene183,0.377644,0.755189435,0.642931241,0.849359771,0.458175069,0.950593685,0.334794358,0.365491949,0.35105749,0.882357591,0.404523967,0.779449768
ExampleGeneEnsembl-184,ExGene184,0.363890122,0.501150455,0.244375143,0.987394502,0.496942104,0.367570596,0.978966475,0.883846451,0.052135461,0.919477477,0.880739383,0.961786688
ExampleGeneEnsembl-185,ExGene185,0.473689654,0.174360545,0.347870124,0.06765602,0.548763811,0.441013434,0.301773776,0.451779728,0.805807777,0.451343361,0.686652701,0.801430576
ExampleGeneEnsembl-186,ExGene186,0.824554332,0.385271244,0.223202086,0.907366998,0.428523722,0.759482848,0.556727408,0.828753607,0.456593327,0.679698577,0.064730741,0.750661868
ExampleGeneEnsembl-187,ExGene187,0.347553391,0.278238438,0.513961527,0.461292751,0.584749296,0.226962284,0.846978018,0.741073146,0.031385568,0.802387637,0.19882031,0.646188578
ExampleGeneEnsembl-188,ExGene188,0.89509544,0.98377505,0.363494374,0.06809766,0.743670448,0.139907298,0.676001391,0.200392984,0.116508738,0.897344592,0.382263765,0.768872711
ExampleGeneEnsembl-189,ExGene189,0.08810458,0.655226882,0.562858069,0.408614664,0.944649976,0.57583772,0.212431822,0.654419664,0.750285563,0.012706604,0.535306234,0.847924819
ExampleGeneEnsembl-190,ExGene190,0.260356921,0.768432511,0.216664574,0.488520409,0.863601166,0.65703425,0.951074736,0.333852834,0.179544509,0.901234911,0.92680083,0.957675086
ExampleGeneEnsembl-191,ExGene191,0.122689363,0.299439877,0.180272725,0.89098698,0.600541977,0.671692575,0.77837706,0.984465534,0.049722542,0.438132679,0.304293014,0.255655778
ExampleGeneEnsembl-192,ExGene192,0.327975948,0.894833499,0.699743509,0.784668331,0.832054695,0.704730769,0.193327579,0.951971385,0.460709703,0.092885912,0.930466493,0.222831833
ExampleGeneEnsembl-193,ExGene193,0.157815621,0.597143781,0.195200536,0.034522425,0.217533625,0.959868911,0.09929216,0.205986461,0.203638129,0.316297965,0.319813357,0.149728951
ExampleGeneEnsembl-194,ExGene194,0.954848912,0.874418227,0.719701603,0.842164678,0.414313275,0.622998786,0.47304182,0.281954905,0.555716183,0.370467346,0.75715731,0.43953267
ExampleGeneEnsembl-195,ExGene195,0.990040664,0.351842393,0.79609756,0.551296571,0.13443294,0.861216403,0.081333491,0.832966568,0.934931124,0.226361415,0.900891441,0.374740628
ExampleGeneEnsembl-196,ExGene196,0.372063595,0.69584892,0.913405524,0.889738309,0.41864267,0.826046086,0.626862969,0.001634382,0.912636289,0.688589804,0.195743036,0.926086021
ExampleGeneEnsembl-197,ExGene197,0.222146395,0.091126231,0.949852636,0.357868985,0.957210003,0.979933062,0.137240088,0.488077933,0.810715767,0.170072042,0.253041863,0.689118523
ExampleGeneEnsembl-198,ExGene198,0.034817414,0.381476319,0.432869576,0.78781544,0.263454541,0.461697744,0.104966225,0.344909148,0.169776075,0.633988288,0.038676873,0.541828282
ExampleGeneEnsembl-199,ExGene199,0.828376766,0.073255384,0.271002213,0.621480923,0.366324874,0.6157109,0.037194542,0.332732233,0.238953983,0.886388313,0.308696453,0.206194678
ExampleGeneEnsembl-200,ExGene200,0.250712762,0.5127608,0.756796087,0.539748593,0.108787899,0.464799704,0.893380929,0.485322154,0.551850753,0.384249216,0.973190125,0.62553808
ExampleGeneEnsembl-201,ExGene201,0.923104991,0.457070271,0.444466461,0.038363655,0.292632279,0.777964795,0.094633338,0.145552575,0.478943691,0.236315013,0.569976273,0.252688284
ExampleGeneEnsembl-202,ExGene202,0.505637295,0.224535853,0.93503602,0.534818219,0.437943011,0.196084127,0.453473639,0.996054724,0.769666889,0.678505097,0.351500818,0.907947273
ExampleGeneEnsembl-203,ExGene203,0.493192575,0.052249224,0.366809241,0.312910408,0.444905833,0.006475383,0.419487556,0.591925471,0.078682649,0.642793912,0.728755307,0.299739762
ExampleGeneEnsembl-204,ExGene204,0.606702357,0.198033333,0.996702837,0.100297259,0.145870716,0.373443465,0.359157213,0.724593244,0.901484729,0.116572426,0.018591368,0.769433633
ExampleGeneEnsembl-205,ExGene205,0.144010143,0.592586948,0.54447178,0.49947479,0.272765709,0.635302299,0.243999226,0.784502966,0.386782725,0.582362036,0.897229992,0.229902585
ExampleGeneEnsembl-206,ExGene206,0.937649288,0.631248407,0.521375267,0.545867482,0.023699507,0.610636544,0.987474291,0.127781207,0.643477099,0.781612502,0.477658327,0.754194722
ExampleGeneEnsembl-207,ExGene207,0.432988755,0.700465379,0.193060754,0.055452647,0.739241022,0.185453473,0.940140265,0.018783763,0.949805573,0.655520284,0.94815238,0.963563856
ExampleGeneEnsembl-208,ExGene208,0.065236754,0.651930329,0.722609697,0.275170343,0.058628807,0.98845004,0.443676317,0.06386422,0.396387437,0.801152565,0.264481664,0.404409456
ExampleGeneEnsembl-209,ExGene209,0.676626277,0.898754833,0.445914473,0.429166852,0.645633144,0.739884836,0.616500667,0.001271533,0.828787204,0.089358009,0.332870693,0.74567445
ExampleGeneEnsembl-210,ExGene210,0.078554773,0.104044016,0.098019703,0.470559028,0.096104206,0.040955885,0.265251225,0.702119105,0.211694366,0.528242118,0.938072447,0.694089527
ExampleGeneEnsembl-211,ExGene211,0.39324867,0.853368735,0.372292079,0.477857646,0.77251397,0.913214826,0.635079735,0.654074066,0.268489192,0.637357727,0.567309167,0.665379271
ExampleGeneEnsembl-212,ExGene212,0.950731665,0.514818592,0.798936366,0.842837983,0.654584293,0.777323204,0.295402133,0.083247616,0.273758249,0.540358506,0.305407324,0.422898784
ExampleGeneEnsembl-213,ExGene213,0.097201721,0.226429613,0.734637855,0.903455219,0.312164837,0.700575647,0.625910192,0.473817819,0.253093569,0.21848536,0.846299592,0.669537251
ExampleGeneEnsembl-214,ExGene214,0.753413825,0.438198086,0.211331483,0.631400984,0.054575621,0.86803246,0.310784407,0.544501632,0.171404896,0.008408109,0.34945872,0.07347637
ExampleGeneEnsembl-215,ExGene215,0.662108767,0.574995767,0.604604241,0.73166884,0.170592948,0.809302909,0.759068866,0.58925399,0.267871548,0.979381546,0.872568519,0.16920736
ExampleGeneEnsembl-216,ExGene216,0.337327918,0.124069641,0.221664388,0.199525465,0.702673061,0.581968733,0.400205894,0.539995022,0.191405814,0.620050502,0.281857109,0.296789706
ExampleGeneEnsembl-217,ExGene217,0.964828388,0.42400041,0.630128787,0.365475185,0.00291035,0.788218826,0.488697781,0.757348469,0.347689371,0.901532215,0.076451381,0.393670909
ExampleGeneEnsembl-218,ExGene218,0.954356153,0.360251315,0.53191747,0.900277613,0.290192803,0.279111449,0.556026805,0.101765601,0.752624548,0.680723618,0.059035269,0.84885856
ExampleGeneEnsembl-219,ExGene219,0.044879616,0.916442007,0.635745273,0.512703367,0.214939806,0.680002192,0.476187125,0.105487786,0.215703963,0.589678849,0.877091567,0.049282273
ExampleGeneEnsembl-220,ExGene220,0.341852843,0.132265315,0.788996731,0.346884109,0.577049082,0.109715655,0.156235799,0.796670586,0.160263315,0.18936245,0.26518174,0.441172693
ExampleGeneEnsembl-221,ExGene221,0.958286542,0.702546948,0.871673186,0.070874398,0.034662891,0.880024942,0.464048788,0.610802425,0.981482753,0.287068529,0.285428615,0.191663101
ExampleGeneEnsembl-222,ExGene222,0.128241749,0.527911008,0.966879347,0.127697714,0.065254768,0.643869743,0.729057927,0.667842945,0.676221699,0.091530564,0.276105152,0.712191936
ExampleGeneEnsembl-223,ExGene223,0.828818513,0.7415505,0.051856828,0.75295433,0.156771498,0.765916215,0.932123091,0.961805302,0.64580866,0.386266486,0.498417444,0.894116158
ExampleGeneEnsembl-224,ExGene224,0.037763173,0.679530893,0.56595322,0.942139167,0.055964769,0.15053237,0.977462501,0.127858728,0.245961876,0.021999526,0.802901567,0.73414261
ExampleGeneEnsembl-225,ExGene225,0.314824956,0.642257617,0.212267171,0.953832508,0.33169128,0.568243151,0.176823978,0.311728429,0.522866951,0.834525854,0.234554866,0.463353472
ExampleGeneEnsembl-226,ExGene226,0.358738601,0.069828925,0.025110777,0.448663607,0.761972161,0.669904774,0.884657537,0.509730412,0.098224802,0.432265462,0.629081246,0.454112478
ExampleGeneEnsembl-227,ExGene227,0.160980868,0.135560624,0.169424769,0.29379765,0.001729001,0.425870386,0.787387631,0.376501064,0.147341926,0.814925989,0.79022951,0.892894073
ExampleGeneEnsembl-228,ExGene228,0.618476312,0.419641936,0.098748899,0.2725234,0.287354706,0.073191684,0.458998428,0.838101728,0.29978482,0.704562759,0.680602069,0.835840267
ExampleGeneEnsembl-229,ExGene229,0.932439619,0.233130699,0.670674286,0.302114505,0.612783887,0.801987665,0.667428181,0.007399399,0.636523155,0.364638782,0.041206539,0.67556519
ExampleGeneEnsembl-230,ExGene230,0.791437948,0.29010575,0.720514633,0.950443745,0.439120915,0.173564691,0.520223237,0.256963471,0.906145263,0.617394808,0.306135574,0.978460344
ExampleGeneEnsembl-231,ExGene231,0.994300482,0.891811062,0.685333752,0.865359948,0.841529706,0.792506875,0.044609499,0.437380387,0.56398243,0.620665276,0.367305315,0.164004112
ExampleGeneEnsembl-232,ExGene232,0.138839186,0.379850368,0.842558051,0.708601026,0.610637539,0.353264859,0.978412749,0.811917782,0.780565986,0.274973637,0.829936715,0.758348936
ExampleGeneEnsembl-233,ExGene233,0.652560481,0.662328561,0.932274772,0.797758338,0.442798385,0.130189554,0.084864967,0.544497571,0.589036257,0.285190323,0.201020411,0.905741252
ExampleGeneEnsembl-234,ExGene234,0.422425266,0.450899718,0.001345902,0.66934101,0.929628163,0.701025661,0.420602728,0.105557851,0.514803869,0.225099786,0.146896671,0.005488744
ExampleGeneEnsembl-235,ExGene235,0.733708304,0.982917953,0.53448861,0.845309234,0.8635766,0.212542538,0.887202948,0.256532563,0.372741287,0.33055468,0.394820938,0.096714171
ExampleGeneEnsembl-236,ExGene236,0.885860583,0.764505681,0.14676666,0.275596922,0.503710637,0.350138223,0.257863996,0.606200923,0.050315044,0.79549485,0.473320214,0.444269771
ExampleGeneEnsembl-237,ExGene237,0.013411973,0.676817106,0.367120957,0.742510502,0.675096041,0.183979631,0.103110418,0.780481787,0.128315377,0.461076011,0.995701523,0.947563718
ExampleGeneEnsembl-238,ExGene238,0.4718978,0.036549909,0.288411068,0.569728561,0.714774456,0.882498888,0.269530843,0.333055931,0.706832559,0.535744881,0.548518291,0.608471198
ExampleGeneEnsembl-239,ExGene239,0.881578823,0.554305659,0.67373716,0.628222928,0.478498094,0.183238707,0.456609011,0.355030456,0.324109535,0.858638575,0.530853135,0.215119519
ExampleGeneEnsembl-240,ExGene240,0.94603703,0.277667808,0.753907637,0.496564443,0.976780788,0.522525154,0.120347196,0.222527361,0.074439633,0.312916913,0.169606577,0.110853008
ExampleGeneEnsembl-241,ExGene241,0.660513871,0.808055911,0.428642583,0.612799805,0.564450261,0.649359895,0.334860536,0.007617492,0.086477831,0.117325854,0.059745108,0.207097926
ExampleGeneEnsembl-242,ExGene242,0.859137002,0.336031552,0.67653364,0.852818833,0.138708773,0.382661481,0.272258742,0.028765856,0.576468293,0.120417754,0.158258071,0.371188203
ExampleGeneEnsembl-243,ExGene243,0.939987993,0.949258061,0.70033297,0.870264527,0.555140222,0.784387751,0.733505015,0.291110828,0.198114689,0.874743246,0.012514085,0.452539228
ExampleGeneEnsembl-244,ExGene244,0.497318707,0.898998675,0.184960927,0.297753383,0.618900379,0.212865749,0.964745796,0.570874399,0.136488408,0.226670269,0.542890468,0.205852262
ExampleGeneEnsembl-245,ExGene245,0.957379724,0.943098244,0.740532634,0.839433861,0.577917433,0.385846909,0.000195813,0.253918856,0.16595017,0.294625886,0.621723097,0.094862063
ExampleGeneEnsembl-246,ExGene246,0.978881606,0.988684874,0.044113773,0.96367906,0.647242528,0.129380333,0.438880844,0.004172451,0.193878986,0.827242005,0.725379812,0.575589515
ExampleGeneEnsembl-247,ExGene247,0.962685897,0.794113906,0.855683423,0.382989147,0.092901408,0.025711431,0.249593563,0.028468863,0.090782005,0.292469904,0.005479874,0.589274967
ExampleGeneEnsembl-248,ExGene248,0.688408769,0.514270405,0.623688699,0.668420692,0.010933521,0.970555557,0.269908234,0.005580248,0.318584783,0.748811665,0.003966625,0.788074878
ExampleGeneEnsembl-249,ExGene249,0.027378217,0.365750925,0.567860121,0.48014733,0.963263314,0.611687636,0.580669236,0.664373711,0.898495268,0.128026555,0.850057389,0.36405124
ExampleGeneEnsembl-250,ExGene250,0.688465812,0.920348917,0.166792544,0.260049857,0.499607193,0.146376192,0.296556596,0.296632658,0.18189841,0.33668716,0.952732609,0.368189385