FeatureID,FeatureName,Group1-Region1 Average_1,Group2-Region1 Average_1,Group1-Region1 Average_2,Group2-Region1 Average_2,Group1-Region1 Average_3,Group2-Region1 Average_3,Group1-Region1 Average_4,Group2-Region1 Average_4,PValue,neglog10PVal,pHit,fold,SNR,foldscore,SNRscore,SNRHit,foldHit,overlapHit
ExampleGeneEnsembl-205,ExGene205,0.301209624,0.4367702,0.098122389,0.430694426,0.050040372,0.613815032,0.144010143,0.49947479,0.0023988775052959438,2.6199919279939303,TRUE,-1.7390156891968878,-1.7890655542572953,-4.5562070683506475,-4.6873373108061,TRUE,TRUE,TRUE
ExampleGeneEnsembl-19,ExGene19,0.073013305,0.64101248,0.058601267,0.944502163,0.46603466,0.710970928,0.335879864,0.98090588,0.004237569444011107,2.3728831716434446,TRUE,-1.8117811045674026,-1.5863338071844628,-4.2991448937295615,-3.764184795677089,TRUE,TRUE,TRUE
ExampleGeneEnsembl-68,ExGene68,0.415271508,0.14953145,0.590468943,0.404888507,0.733041523,0.162228858,0.868334809,0.064153608,0.009465035659408445,2.023877745497845,TRUE,1.7394257732805138,1.3402580327046845,3.520385112487812,2.7125184056157337,TRUE,TRUE,TRUE
ExampleGeneEnsembl-85,ExGene85,0.964652387,0.458596201,0.837679239,0.281072898,0.702301384,0.404018913,0.541067694,0.016108644,0.012568803125720377,1.9007060763827277,TRUE,1.3929022938029865,1.2443491425644533,2.6474978536387757,2.3651419764138937,TRUE,FALSE,FALSE
ExampleGeneEnsembl-25,ExGene25,0.777944951,0.242497454,0.890858062,0.30525796,0.315329903,0.104764557,0.601590858,0.102354728,0.01480203543897144,1.8296785603393404,TRUE,1.7762590663840734,1.2988208350475166,3.2499831313713123,2.37642463560848,TRUE,TRUE,TRUE
ExampleGeneEnsembl-82,ExGene82,0.328288393,0.803448995,0.308503858,0.911854288,0.623104272,0.513909763,0.250765002,0.675560638,0.02683080993510929,1.571366217188683,TRUE,-0.9432453150047644,-1.0304379839750284,-1.4821838225199844,-1.6191954369263732,TRUE,TRUE,TRUE
ExampleGeneEnsembl-201,ExGene201,0.23417951,0.442753961,0.843335841,0.001010897,0.65816427,0.03026266,0.923104991,0.038363655,0.028093417391494614,1.5513954283315001,TRUE,2.375449381686838,1.0356976993377636,3.685261310981849,1.6067766758860589,FALSE,TRUE,FALSE
ExampleGeneEnsembl-232,ExGene232,0.273548969,0.565501818,0.376849706,0.429797183,0.471393589,0.591756722,0.138839186,0.708601026,0.029965430755919557,1.5233794748981055,TRUE,-0.8647603832270516,-1.0064802855581085,-1.3173582185131105,-1.5332514089088067,TRUE,FALSE,FALSE
ExampleGeneEnsembl-12,ExGene12,0.223366564,0.813348255,0.185288391,0.384464182,0.44212598,0.703643551,0.45436533,0.922340552,0.03152555501537949,1.5013372588232428,TRUE,-1.113424647729154,-1.015286737374559,-1.6716259085279228,-1.524287807209514,TRUE,TRUE,TRUE
ExampleGeneEnsembl-249,ExGene249,0.234987889,0.463295423,0.210447871,0.440891102,0.384012114,0.907087095,0.027378217,0.48014733,0.03623328319689396,1.4408923115715655,TRUE,-1.419168199103956,-0.9701843469966444,-2.044868546915755,-1.3979311663945446,FALSE,TRUE,FALSE
ExampleGeneEnsembl-42,ExGene42,0.688954075,0.805133039,0.469866361,0.996121678,0.541682185,0.719206451,0.216616218,0.626126391,0.05093461623576628,1.2929869616626335,FALSE,-0.7148483188048949,-0.8656853036654476,-0.9242895557811825,-1.1193198105423814,FALSE,FALSE,FALSE
ExampleGeneEnsembl-181,ExGene181,0.545597266,0.351599648,0.876742531,0.059570596,0.892755005,0.087729325,0.574919184,0.701141645,0.053392932351055605,1.2725162269429666,FALSE,1.2679925202102276,0.8695826143160678,1.6135410576098221,1.1065579873846836,FALSE,FALSE,FALSE
ExampleGeneEnsembl-234,ExGene234,0.489387283,0.813903745,0.732590077,0.732892988,0.05296899,0.88817128,0.422425266,0.66934101,0.05555891348746828,1.255246255933179,FALSE,-0.8709697223158177,-0.9342652982146565,-1.0932814829680908,-1.1727330176322426,FALSE,FALSE,FALSE
ExampleGeneEnsembl-146,ExGene146,0.96676231,0.220583716,0.697699937,0.239588346,0.743237434,0.512900764,0.266323033,0.069700881,0.05652729902413342,1.2477417654144372,FALSE,1.3585856085591603,0.854433793213166,1.6951640056902542,1.06611272957355,FALSE,FALSE,FALSE
ExampleGeneEnsembl-246,ExGene246,0.616754194,0.159060611,0.991914451,0.050692099,0.898183025,0.276925154,0.978881606,0.96367906,0.06301213050188527,1.2005758362145793,FALSE,1.2650541980553542,0.8683162838017947,1.5187935016870708,1.0424795485240756,FALSE,FALSE,FALSE
ExampleGeneEnsembl-81,ExGene81,0.361989103,0.900299193,0.167488642,0.041088977,0.010654867,0.969791564,0.224245505,0.982549114,0.06791519252319339,1.1680330638498426,FALSE,-1.9205713610657436,-0.884686434059213,-2.243290851207883,-1.0333430061205744,FALSE,FALSE,FALSE
ExampleGeneEnsembl-88,ExGene88,0.687112146,0.53164174,0.486784416,0.948771823,0.059104184,0.641309606,0.121151554,0.747665067,0.07242960834380886,1.140083863198877,FALSE,-1.0833531755183996,-0.794054865617023,-1.235113473553788,-0.9052891387845207,FALSE,FALSE,FALSE
ExampleGeneEnsembl-202,ExGene202,0.841454547,0.319763563,0.499692428,0.020975595,0.946206655,0.49711427,0.505637295,0.534818219,0.07374179828903178,1.132286275768679,FALSE,1.0248243223625515,0.7648729875208834,1.1603945152850534,0.8660551864760843,FALSE,FALSE,FALSE
ExampleGeneEnsembl-111,ExGene111,0.226751552,0.723095648,0.083406431,0.239891412,0.509854775,0.579006453,0.169551821,0.954740869,0.0758549861364639,1.120015866685023,FALSE,-1.3351765808759914,-0.7785833438989044,-1.4954189554073694,-0.8720256987034547,FALSE,FALSE,FALSE
ExampleGeneEnsembl-209,ExGene209,0.536524236,0.334376996,0.687774604,0.69095451,0.815246064,0.451867065,0.676626277,0.429166852,0.07676220255418587,1.114852572453951,FALSE,0.5107497155093321,0.7621412562644256,0.5694106342157026,0.8496751401196809,FALSE,FALSE,FALSE
ExampleGeneEnsembl-121,ExGene121,0.99926223,7.23022e-6,0.960329369,0.290221211,0.54546133,0.798240196,0.860809758,0.563705315,0.07681324084343805,1.1145639110935974,FALSE,1.0266107304002559,0.7780788029053864,1.144223270845564,0.8672185537052518,FALSE,FALSE,FALSE
ExampleGeneEnsembl-199,ExGene199,0.616530371,0.648074318,0.81071436,0.187431806,0.608823848,0.327873205,0.828376766,0.621480923,0.07882955553829261,1.1033109220963968,FALSE,0.6824446897597635,0.7820549583480659,0.7529486799386341,0.8628497772250638,FALSE,FALSE,FALSE
ExampleGeneEnsembl-204,ExGene204,0.387597693,0.370575135,0.620056188,0.01860689,0.198608542,0.301631356,0.606702357,0.100297259,0.09698910896027556,1.013277030517354,FALSE,1.1963995178730888,0.6979583256830864,1.2122841507828375,0.7072251396730219,FALSE,FALSE,FALSE
ExampleGeneEnsembl-14,ExGene14,0.727640557,0.638584742,0.350864898,0.039251887,0.664995754,0.338621102,0.873777496,0.322781696,0.10045555631269663,0.9980260369226246,FALSE,0.9666536538517218,0.6868017785591755,0.9647455152304084,0.6854460572068238,FALSE,FALSE,FALSE
ExampleGeneEnsembl-229,ExGene229,0.425081764,0.709175922,0.997922254,0.394136984,0.696076835,0.43178168,0.932439619,0.302114505,0.10084156519593922,0.9963604221121714,FALSE,0.732012441648551,0.6977033378717057,0.7293482253523115,0.6951639922309236,FALSE,FALSE,FALSE
ExampleGeneEnsembl-120,ExGene120,0.293598372,0.450390068,0.554197182,0.560375853,0.056885544,0.860728051,0.515754745,0.659931761,0.10230833401697331,0.9900889873028832,FALSE,-0.8336164884482443,-0.68753994569161625,-0.8253545048467078,-0.6807257285600916,FALSE,FALSE,FALSE
ExampleGeneEnsembl-39,ExGene39,0.710264284,0.511819339,0.432815522,0.529996886,0.150590089,0.840366256,0.302317283,0.993932309,0.10518002337533082,0.9780667370044396,FALSE,-0.8496721958812257,-0.6741398687074199,-0.8310361121489475,-0.6593537816712676,FALSE,FALSE,FALSE
ExampleGeneEnsembl-197,ExGene197,0.072631121,0.758325294,0.797495237,0.802554843,0.226153681,0.970852721,0.222146395,0.357868985,0.10526073878161012,0.9777335861746158,FALSE,-1.1320536446216634,-0.6775812898055079,-1.106846869697983,-0.6624939844063609,FALSE,FALSE,FALSE
ExampleGeneEnsembl-74,ExGene74,0.185599368,0.447063422,0.039029302,0.86756425,0.350803795,0.530263879,0.740081519,0.9583827,0.10674136441202232,0.9716672501662595,FALSE,-1.091486309040405,-0.6733684555802377,-1.0605615004994104,-0.6542900755823506,FALSE,FALSE,FALSE
ExampleGeneEnsembl-206,ExGene206,0.902682041,0.003985535,0.21460967,0.246566598,0.424545467,0.099790278,0.937649288,0.545867482,0.11431274584262285,0.9419053431785919,FALSE,1.468132793401748,0.6662810340000843,1.3828421226008183,0.6275736659832365,FALSE,FALSE,FALSE
ExampleGeneEnsembl-40,ExGene40,0.896886026,0.815866293,0.043750674,0.84526103,0.058082587,0.727957825,0.443479966,0.586102126,0.11718132588255907,0.9311415923481181,FALSE,-1.0447099822773223,-0.738442090890167,-0.9727729164396801,-0.6875941443683439,FALSE,FALSE,FALSE
ExampleGeneEnsembl-55,ExGene55,0.231077072,0.799437418,0.894356076,0.709983536,0.010865938,0.605605777,0.145487973,0.619304633,0.12187206351630402,0.9140958354085188,FALSE,-1.0930314791696631,-0.7514389031780531,-0.9991355230794022,-0.6868871719590035,FALSE,FALSE,FALSE
ExampleGeneEnsembl-165,ExGene165,0.019081015,0.488387603,0.258652694,0.110536825,0.07089892,0.874479153,0.484408815,0.894139761,0.1225129302533006,0.9118180725948754,FALSE,-1.5069306600851167,-0.6588905235467958,-1.3740466100129343,-0.6007882872314677,FALSE,FALSE,FALSE
ExampleGeneEnsembl-112,ExGene112,0.485409161,0.147229759,0.14250332,0.251581634,0.960320869,0.370198542,0.453626673,0.04023857,0.14305102806569428,0.8445090167007061,FALSE,1.335229267239725,0.6436279065893349,1.1276131555466244,0.5435495705148932,FALSE,FALSE,FALSE
ExampleGeneEnsembl-153,ExGene153,0.286559981,0.922883678,0.079438526,0.190644465,0.050652429,0.266297278,0.141205954,0.332262432,0.15127924913443633,0.8202206397525211,FALSE,-1.617789760798767,-0.655765628674398,-1.3269445525874428,-0.5378725034790289,FALSE,FALSE,FALSE
ExampleGeneEnsembl-213,ExGene213,0.157793398,0.272680532,0.027012802,0.250461694,0.518886544,0.625741203,0.097201721,0.903455219,0.15175958850901222,0.8188438596925859,FALSE,-1.3575847494926192,-0.5892360350177107,-1.1116499361343286,-0.48249230918385794,FALSE,FALSE,FALSE
ExampleGeneEnsembl-76,ExGene76,0.090405665,0.742420905,0.811254688,0.617648335,0.208328023,0.843196946,0.750476805,0.941756933,0.15406402671759628,0.8122987553234567,FALSE,-0.7574072319919793,-0.6329510513959298,-0.6152409518200694,-0.514145351229587,FALSE,FALSE,FALSE
ExampleGeneEnsembl-24,ExGene24,0.388124735,0.092163041,0.50633868,0.072550266,0.408833784,0.284753344,0.440859368,0.551935474,0.15538001313164918,0.8086048461843129,FALSE,0.8005081297804488,0.6768702219769799,0.6472947531504119,0.5473205417284376,FALSE,FALSE,FALSE
ExampleGeneEnsembl-94,ExGene94,0.954812808,0.227288305,0.764766507,0.466058483,0.733564241,0.747632687,0.340922123,0.135015514,0.15647566187305914,0.8055532027578305,FALSE,0.8261029863700812,0.5728332476739109,0.6654699064782272,0.46144765730988846,FALSE,FALSE,FALSE
ExampleGeneEnsembl-160,ExGene160,0.891414577,0.808502365,0.857761237,0.102435023,0.240041006,0.074001995,0.863195208,0.375496077,0.15931548608334525,0.7977420070384216,FALSE,1.0681138768980454,0.5683451624486273,0.8520793079022363,0.4533928105823457,FALSE,FALSE,FALSE
ExampleGeneEnsembl-162,ExGene162,0.405998264,0.693744592,0.502729279,0.108165063,0.225473909,0.865862564,0.122518378,0.825437958,0.16490485198480898,0.7827665659490006,FALSE,-0.988341452037389,-0.5910150225569183,-0.7736406443963559,-0.46262679963115005,FALSE,FALSE,FALSE
ExampleGeneEnsembl-150,ExGene150,0.794318237,0.1201264,0.445601603,0.382122626,0.919033323,0.466717304,0.694433152,0.798362076,0.1658614203507202,0.7802546198662808,FALSE,0.6911049368721098,0.5650511062237569,0.539237819806858,0.44088373609163883,FALSE,FALSE,FALSE
ExampleGeneEnsembl-21,ExGene21,0.575530339,0.844357207,0.552768416,0.898137875,0.242328134,0.397771547,0.304603843,0.48777786,0.1671721717334679,0.7768360155839531,FALSE,-0.6496298848398593,-0.5657366505974196,-0.5046558913432586,-0.4394846055199105,FALSE,FALSE,FALSE
ExampleGeneEnsembl-228,ExGene228,0.151992389,0.656721756,0.393270891,0.549351984,0.134968715,0.858848777,0.618476312,0.2725234,0.17160369897544034,0.7654733550228111,FALSE,-0.8478555504130286,-0.54908189004174,-0.6490108327493732,-0.420307556552517,FALSE,FALSE,FALSE
ExampleGeneEnsembl-141,ExGene141,0.231990367,0.652154716,0.480042635,0.602617736,0.349646888,0.575330676,0.800542679,0.977878316,0.17582606970553402,0.7549167317089682,FALSE,-0.5925078907671035,-0.547465020268688,-0.44729412040967614,-0.413290503826222,FALSE,FALSE,FALSE
ExampleGeneEnsembl-190,ExGene190,0.126537112,0.721522007,0.320967191,0.227930413,0.358325372,0.329427591,0.260356921,0.488520409,0.19101713332519601,0.7189276768628886,FALSE,-0.7291689821969604,-0.5533770591914263,-0.5242197624113377,-0.3978380835937093,FALSE,FALSE,FALSE
ExampleGeneEnsembl-60,ExGene60,0.110059673,0.347605389,0.992045546,0.90688595,0.439841276,0.992395911,0.187464804,0.962157284,0.1911178547714114,0.7186987380288316,FALSE,-0.891862790775438,-0.525454820194833,-0.6409806622251791,-0.3776437161651931,FALSE,FALSE,FALSE
ExampleGeneEnsembl-171,ExGene171,0.025566669,0.52105045,0.037316639,0.192465266,0.413971854,0.435832949,0.463237162,0.911700562,0.19136505992027777,0.7181373542761154,FALSE,-1.1325046110928476,-0.5241009068941738,-0.8132938651157186,-0.37637643865069464,FALSE,FALSE,FALSE
ExampleGeneEnsembl-98,ExGene98,0.098050569,0.143149891,0.036064144,0.991865602,0.92645363,0.989545361,0.218016252,0.841733048,0.19422888342864603,0.7116861864725982,FALSE,-1.2141139310995526,-0.5166799888796838,-0.8640681135674954,-0.3677140109124866,FALSE,FALSE,FALSE
ExampleGeneEnsembl-127,ExGene127,0.721976435,0.130155513,0.033898257,0.101204731,0.800486249,0.664416555,0.783667146,0.109731535,0.19754592968789608,0.704331914260427,FALSE,1.2186008071139125,0.5175925153018445,0.8582994391938433,0.36455692710941745,FALSE,FALSE,FALSE
ExampleGeneEnsembl-9,ExGene9,0.79732139,0.486801251,0.668675834,0.379115144,0.314780728,0.047338618,0.669728747,0.624381192,0.2060438745158848,0.6860402921002925,FALSE,0.672365879527013,0.5030590326807749,0.46127008438898204,0.3451187657240094,FALSE,FALSE,FALSE
ExampleGeneEnsembl-36,ExGene36,0.619847644,0.813411478,0.670175396,0.809624877,0.158126675,0.7019272,0.064079115,0.272276094,0.22732908256394208,0.6433450007506474,FALSE,-0.7803026743262463,-0.4776183934543185,-0.5020038246001511,-0.3072734056953915,FALSE,FALSE,FALSE
ExampleGeneEnsembl-177,ExGene177,0.659614198,0.656860805,0.704406044,0.484911879,0.356913318,0.709960806,0.161537249,0.793316486,0.23450410773559419,0.6298495454807658,FALSE,-0.49066748754657674,-0.49168285210021495,-0.3090466940134007,-0.30968622091600695,FALSE,FALSE,FALSE
ExampleGeneEnsembl-143,ExGene143,0.716609349,0.905526561,0.435428145,0.760044517,0.103932845,0.676200361,0.909868278,0.762393754,0.2442370861914972,0.612188389918462,FALSE,-0.5192795873343018,-0.5260533341043091,-0.3178969344877096,-0.32204374361655574,FALSE,FALSE,FALSE
ExampleGeneEnsembl-238,ExGene238,0.425433967,0.620786806,0.635587673,0.087720456,0.622009072,0.05232278,0.4718978,0.569728561,0.24802951180807264,0.6054966415412761,FALSE,0.6956079561877178,0.502462885727046,0.42118828130105423,0.3042395898068644,FALSE,FALSE,FALSE
ExampleGeneEnsembl-185,ExGene185,0.568031349,0.744092831,0.199236355,0.788412451,0.046264089,0.774321102,0.473689654,0.06765602,0.24911611097029734,0.6035981846303359,FALSE,-0.8833527964134624,-0.4588326091528644,-0.5331901443032966,-0.27695052993386937,FALSE,FALSE,FALSE
ExampleGeneEnsembl-152,ExGene152,0.040295409,0.610316331,0.592492217,0.463132258,0.459852407,0.456953322,0.440480357,0.657888714,0.25363029628287265,0.5957988709693012,FALSE,-0.5133333632522944,-0.48059536837945027,-0.30584343825659116,-0.28633817787355187,FALSE,FALSE,FALSE
ExampleGeneEnsembl-139,ExGene139,0.883010466,0.605631716,0.526975147,0.542490565,0.794207906,0.130394855,0.942310643,0.931448462,0.2602050295297571,0.584684313170629,FALSE,0.5097259395117857,0.4568699936170036,0.298028760848702,0.26712471842622737,FALSE,FALSE,FALSE
ExampleGeneEnsembl-83,ExGene83,0.294715396,0.584852735,0.34216334,0.218735923,0.238473834,0.356196738,0.421503109,0.820353266,0.26107718020332105,0.5832310866025014,FALSE,-0.6105835228531664,-0.499842478873037,-0.3561112914952355,-0.29152367208320923,FALSE,FALSE,FALSE
ExampleGeneEnsembl-26,ExGene26,0.530808972,0.325721607,0.629714164,0.29364061,0.838963787,0.633448512,0.197465845,0.067525426,0.2623957312543228,0.5810432344936793,FALSE,0.7345985701004292,0.43830873339917237,0.4268335292255852,0.2546763241610829,FALSE,FALSE,FALSE
ExampleGeneEnsembl-172,ExGene172,0.501917263,0.518521439,0.585079414,0.959764152,0.582187648,0.948015121,0.158233605,0.326633699,0.26447491530804096,0.5776155132693283,FALSE,-0.5911636222799861,-0.4454643708005211,-0.34146527910940944,-0.25730713118314136,FALSE,FALSE,FALSE
ExampleGeneEnsembl-3,ExGene3,0.793878036,0.343553097,0.852484811,0.066944532,0.805168982,0.961403646,0.585659251,0.686288817,0.2761063230751083,0.5589236475252273,FALSE,0.5613614422113369,0.48031540311647086,0.3137581848607825,0.26845963707240783,FALSE,FALSE,FALSE
ExampleGeneEnsembl-57,ExGene57,0.536438671,0.271911742,0.314288576,0.234979309,0.94503488,0.342305223,0.156997195,0.285806008,0.280668238016115,0.5518067317717318,FALSE,0.7828189495556673,0.5288452877436233,0.43196476612329293,0.2918203898426898,FALSE,FALSE,FALSE
ExampleGeneEnsembl-80,ExGene80,0.369986455,0.937931935,0.673887579,0.747592182,0.471312509,0.493551362,0.742298169,0.669462635,0.28697987857275487,0.5421485525035171,FALSE,-0.335505492272967,-0.4132710122637012,-0.18189381699276902,-0.22405428109042888,FALSE,FALSE,FALSE
ExampleGeneEnsembl-129,ExGene129,0.445031284,0.169259393,0.819276095,0.753762683,0.56291853,0.657153253,0.845195007,0.302232721,0.29093859971644215,0.5361986557492878,FALSE,0.5055678601342073,0.41563064885646656,0.2710848069940059,0.22286059520504164,FALSE,FALSE,FALSE
ExampleGeneEnsembl-196,ExGene196,0.367906054,0.82501139,0.559005819,0.561305706,0.587840626,0.288129712,0.372063595,0.889738309,0.30072681668437473,0.5218278428713397,FALSE,-0.442546606833058,-0.43101822410972224,-0.23093314121372552,-0.224917310125412,FALSE,FALSE,FALSE
ExampleGeneEnsembl-245,ExGene245,0.238236314,0.294638333,0.527856086,0.824601093,0.079165834,0.909069268,0.957379724,0.839433861,0.30857860404461895,0.510634189962744,FALSE,-0.6698058403827349,-0.39775926881765833,-0.34202576273615287,-0.2031094820328783,FALSE,FALSE,FALSE
ExampleGeneEnsembl-221,ExGene221,0.647404854,0.19272284,0.357953079,0.196226796,0.181561667,0.708079396,0.958286542,0.070874398,0.31240725491549953,0.5052788892211673,FALSE,0.8771953015437576,0.39149864306151044,0.4432282675940567,0.19781599949771425,FALSE,FALSE,FALSE
ExampleGeneEnsembl-211,ExGene211,0.708963635,0.811043781,0.440590332,0.584243317,0.457887969,0.566798121,0.39324867,0.477857646,0.31567383516119707,0.5007614134071938,FALSE,-0.28634928433297635,-0.38700100153887146,-0.14339267235071965,-0.19379516852060485,FALSE,FALSE,FALSE
ExampleGeneEnsembl-108,ExGene108,0.693450969,0.448265793,0.263927802,0.065934988,0.656398434,0.395311449,0.885984769,0.75383529,0.3178840318940222,0.49773128722988685,FALSE,0.5877011091572429,0.38536090870687206,0.2925172295672668,0.19180618113875034,FALSE,FALSE,FALSE
ExampleGeneEnsembl-135,ExGene135,0.398415953,0.858070093,0.221751927,0.392300288,0.733632666,0.956717846,0.852114248,0.83567842,0.3189762306460396,0.4962416783342699,FALSE,-0.4640066300350761,-0.3852107078510269,-0.2302594288468348,-0.1911576081763257,FALSE,FALSE,FALSE
ExampleGeneEnsembl-77,ExGene77,0.425784173,0.995396348,0.328132332,0.638571194,0.384911488,0.22025581,0.404682362,0.403079188,0.3305341017209998,0.48078372702483985,FALSE,-0.5483846302620607,-0.4739874042882236,-0.26365440638053234,-0.2278854307965217,FALSE,FALSE,FALSE
ExampleGeneEnsembl-128,ExGene128,0.997190225,0.803827553,0.569359732,0.876256579,0.719080489,0.753608397,0.50174344,0.831590558,0.330636303839349,0.4806494626475533,FALSE,-0.22830154093977167,-0.4405093107090388,-0.10973301297430965,-0.2117305634835436,FALSE,FALSE,FALSE
ExampleGeneEnsembl-138,ExGene138,0.093244739,0.166392962,0.729032576,0.240408047,0.258902118,0.034431766,0.775479859,0.557736807,0.3317477635439667,0.47919199622174297,FALSE,0.8941964418224572,0.38133467592277304,0.4284917779712829,0.18273252458400505,FALSE,FALSE,FALSE
ExampleGeneEnsembl-46,ExGene46,0.534176536,0.563577241,0.318033403,0.880354939,0.472533826,0.402646536,0.763636449,0.874635978,0.3330563362707534,0.477482299640367,FALSE,-0.3818663892035813,-0.3749752426807953,-0.1823344416722894,-0.1790440411834308,FALSE,FALSE,FALSE
ExampleGeneEnsembl-35,ExGene35,0.074328774,0.94972615,0.493746345,0.216135077,0.147942793,0.011071919,0.263736004,0.771204076,0.3534332367783398,0.45169261195801214,FALSE,-0.991603961602593,-0.38517332057470177,-0.4479001834441876,-0.17397994322692778,FALSE,FALSE,FALSE
ExampleGeneEnsembl-50,ExGene50,0.083970457,0.30397601,0.84597965,0.191109896,0.742772916,0.467800246,0.395543588,0.372792494,0.3557400721427128,0.44886721119813994,FALSE,0.6308492207671212,0.3950291026928136,0.2831675304122574,0.17731561166782686,FALSE,FALSE,FALSE
ExampleGeneEnsembl-7,ExGene7,0.265301124,0.488878176,0.778550018,0.302787983,0.333363788,0.799350462,0.061057432,0.568104032,0.3623765828989321,0.4408398745889428,FALSE,-0.5861069631463278,-0.354721886971633,-0.2583793201291333,-0.15637555216652782,FALSE,FALSE,FALSE
ExampleGeneEnsembl-149,ExGene149,0.525498345,0.052604636,0.507791817,0.977870299,0.531167332,0.038001251,0.614544882,0.232063224,0.3632978267943615,0.43973720002894434,FALSE,0.7445576519212928,0.4467399699064005,0.3274096971159946,0.19644818350765542,FALSE,FALSE,FALSE
ExampleGeneEnsembl-195,ExGene195,0.505506452,0.613051923,0.118886629,0.279080932,0.999304941,0.285814449,0.990040664,0.551296571,0.3726019656152143,0.4287548583673408,FALSE,0.595973565494036,0.36892230864520553,0.2555265616640745,0.15817723219172747,FALSE,FALSE,FALSE
ExampleGeneEnsembl-28,ExGene28,0.231529912,0.035031357,0.87682596,0.967332291,0.842605669,0.26775556700000003,0.915368928,0.611143757,0.3808041637722246,0.41929831161788134,FALSE,0.6075034225937115,0.33647559170956876,0.2547251593956275,0.14108364750444977,FALSE,FALSE,FALSE
ExampleGeneEnsembl-56,ExGene56,0.581194224,0.593524934,0.391318038,0.14665283,0.195314853,0.862203169,0.595606183,0.90824397,0.382927208074346,0.4168837746897891,FALSE,-0.5096594937856493,-0.3473832081750751,-0.21246877357584862,-0.14481842308787413,FALSE,FALSE,FALSE
ExampleGeneEnsembl-103,ExGene103,0.380232192,0.27465024,0.067584761,0.474487593,0.041951505,0.073163269,0.424458077,0.732991999,0.39086769773784596,0.4079702192425375,FALSE,-0.7665628892228642,-0.3313389441938005,-0.3127348299794449,-0.1351764217063357,FALSE,FALSE,FALSE
ExampleGeneEnsembl-188,ExGene188,0.710529924,0.387235708,0.025780736,0.349431438,0.721367797,0.697491769,0.89509544,0.06809766,0.3934728166011402,0.40508526586632626,FALSE,0.6472314471545861,0.3312459019159804,0.2621839228476626,0.13418283424476596,FALSE,FALSE,FALSE
ExampleGeneEnsembl-16,ExGene16,0.883743811,0.267410121,0.351805528,0.48669585,0.046412833,0.210499066,0.432106587,0.026411877,0.3948380417198416,0.403581010731152,FALSE,0.7904433979235983,0.3374923806765086,0.31900794545977196,0.13620551610748804,FALSE,FALSE,FALSE
ExampleGeneEnsembl-27,ExGene27,0.797768832,0.820169723,0.220896864,0.940510858,0.105582504,0.492596846,0.404036848,0.133633324,0.39837299761159395,0.3997101064574539,FALSE,-0.6432309709502249,-0.32265333100624705,-0.25710591987524584,-0.12896779728535912,FALSE,FALSE,FALSE
ExampleGeneEnsembl-20,ExGene20,0.201471976,0.811572186,0.724502282,0.246341086,0.19401523,0.927807796,0.206794179,0.181362034,0.3997292855630892,0.3982340326442367,FALSE,-0.70782132064121706,-0.32597307638702144,-0.28187853891052117,-0.12981357274305136,FALSE,FALSE,FALSE
ExampleGeneEnsembl-224,ExGene224,0.451353878,0.773722288,0.205447507,0.084465587,0.220532563,0.018982371,0.037763173,0.942139167,0.401593360161428,0.3962134763139612,FALSE,-0.9913941528119953,-0.35253951759334873,-0.3928037236829751,-0.1396809078037076,FALSE,FALSE,FALSE
ExampleGeneEnsembl-59,ExGene59,0.448487592,0.424018271,0.877735905,0.197540917,0.816677434,0.784237743,0.263576633,0.296259871,0.40189007523038045,0.3958927186795777,FALSE,0.4996437886137808,0.3196080382218988,0.19780533784567392,0.12653049516351392,FALSE,FALSE,FALSE
ExampleGeneEnsembl-93,ExGene93,0.435684317,0.73930608,0.780409302,0.176321933,0.409206438,0.866693557,0.018565786,0.640284473,0.4032260374826569,0.39445143199422883,FALSE,-0.5594672525711732,-0.3179362337228927,-0.22068265893057618,-0.12541040267484685,FALSE,FALSE,FALSE
ExampleGeneEnsembl-11,ExGene11,0.043920041,0.496628714,0.244443194,0.86162162900000006,0.671209041,0.158432122,0.229825213,0.378449994,0.40737670806372994,0.39000380559744063,FALSE,-0.6720677530333837,-0.31532894965627783,-0.2621089813023405,-0.12297949038099212,FALSE,FALSE,FALSE
ExampleGeneEnsembl-95,ExGene95,0.663589875,0.783836854,0.420320827,0.139224834,0.74197874,0.586574277,0.446510016,0.09986561,0.4077849094173475,0.3895688498625333,FALSE,0.49760247540329217,0.33419692943704016,0.19385042403161004,0.13019271342837793,FALSE,FALSE,FALSE
ExampleGeneEnsembl-124,ExGene124,0.047211502,0.381086508,0.839445349,0.267965373,0.429602325,0.335966914,0.437065858,0.170306952,0.4080996773619759,0.3892337485738717,FALSE,0.6017937893485009,0.36008878853784027,0.23423845249659192,0.14015870898200777,FALSE,FALSE,FALSE
ExampleGeneEnsembl-97,ExGene97,0.627062923,0.812451887,0.144786973,0.143774112,0.726558959,0.749662604,0.078667522,0.656438479,0.41556010314642605,0.3813661546064034,FALSE,-0.5829561997722746,-0.3093652966835751,-0.22231976421111466,-0.11798145356488415,FALSE,FALSE,FALSE
ExampleGeneEnsembl-157,ExGene157,0.399266966,0.636265971,0.411214877,0.011845911,0.733571426,0.880501685,0.967770856,0.116729787,0.4174627256386108,0.37938229568252185,FALSE,0.6103467716726276,0.3141336701479093,0.23155475939957748,0.11917675293188992,FALSE,FALSE,FALSE
ExampleGeneEnsembl-58,ExGene58,0.435459579,0.533051942,0.468347574,0.215128919,0.088595578,0.354970926,0.715665343,0.020433624,0.419265523107065,0.3775108488770668,FALSE,0.604255676550691,0.3076655140425137,0.22811307339343767,0.11614706937638847,FALSE,FALSE,FALSE
ExampleGeneEnsembl-73,ExGene73,0.947681666,0.293772824,0.724369718,0.603262866,0.74146476,0.170105051,0.031538009,0.589850727,0.419273420120059,0.3775026688654058,FALSE,0.5613002442957744,0.31976012064655784,0.2118923402564591,0.12071029894079972,FALSE,FALSE,FALSE
ExampleGeneEnsembl-191,ExGene191,0.431080634,0.37118985,0.356897156,0.981908236,0.937963696,0.409673103,0.122689363,0.89098698,0.4225946134190914,0.3740760429611171,FALSE,-0.521579743786833,-0.30443610433238605,-0.1951104866444518,-0.11388225324315676,FALSE,FALSE,FALSE
ExampleGeneEnsembl-5,ExGene5,0.815697586,0.269184288,0.106225982,0.009097966,0.125376827,0.536959724,0.589699256,0.099824298,0.42411695269462696,0.37251436768510837,FALSE,0.8391058710894722,0.30942476101644006,0.3125789929897568,0.11526516919615494,FALSE,FALSE,FALSE
ExampleGeneEnsembl-187,ExGene187,0.079069756,0.963009951,0.36033511,0.478238719,0.797335154,0.36774659,0.347553391,0.461292751,0.42441829602588144,0.3722059025939496,FALSE,-0.5190357837008103,-0.30334976215360776,-0.1931881823509181,-0.1129085720240435,FALSE,FALSE,FALSE
ExampleGeneEnsembl-90,ExGene90,0.839932087,0.822637347,0.702076774,0.691679221,0.781506334,0.863293383,0.773752549,0.211266121,0.4365108409617798,0.36000496590706177,FALSE,0.2586701965836407,0.3568011166650146,0.09312255530226654,0.12845017384059015,FALSE,FALSE,FALSE
ExampleGeneEnsembl-102,ExGene102,0.820710296,0.526843611,0.015378735,0.568852114,0.22969985,0.832181856,0.531385095,0.344414558,0.4367532932491046,0.359763811623746,FALSE,-0.5086268576522293,-0.3052174890211638,-0.18298553700317446,-0.10980620722448273,FALSE,FALSE,FALSE
ExampleGeneEnsembl-49,ExGene49,0.413673349,0.229586078,0.198441483,0.310536019,0.551776935,0.487514973,0.065723062,0.702426428,0.43876043208695753,0.35777254450004636,FALSE,-0.49261852066896933,-0.29318700243941864,-0.17624538160758585,-0.10489425987709211,FALSE,FALSE,FALSE
ExampleGeneEnsembl-215,ExGene215,0.788765905,0.365103434,0.402817342,0.638324622,0.258144961,0.933047521,0.662108767,0.73166884,0.44117246666884863,0.3553915994660095,FALSE,-0.3373382875374217,-0.2915365202800561,-0.11988719356904891,-0.10360963024508386,FALSE,FALSE,FALSE
ExampleGeneEnsembl-142,ExGene142,0.073806757,0.584469294,0.269744113,0.968430287,0.294339417,0.346527265,0.929208005,0.4281098,0.4428189090081768,0.35377384239454984,FALSE,-0.5707082107453446,-0.29356479380527734,-0.20190163660149907,-0.1038555450962567,FALSE,FALSE,FALSE
ExampleGeneEnsembl-84,ExGene84,0.218868927,0.527779867,0.83890788,0.260706572,0.030615204,0.758670827,0.017912059,0.286789895,0.4507142855472748,0.34609867659503035,FALSE,-0.7292041053000011,-0.29366846887704656,-0.2523765758119936,-0.10163826843603467,FALSE,FALSE,FALSE
ExampleGeneEnsembl-72,ExGene72,0.806827889,0.774146112,0.158890296,0.100104541,0.600105782,0.390263436,0.512144648,0.156958424,0.4521596520408935,0.3447081940423856,FALSE,0.5477876624783553,0.28474420612295814,0.18882689585161375,0.09815366105667771,FALSE,FALSE,FALSE
ExampleGeneEnsembl-79,ExGene79,0.060141984,0.615989085,0.02164461,0.217337739,0.061772273,0.373508137,0.972127423,0.739536213,0.4539756485525206,0.34296744225942494,FALSE,-0.8028554335754783,-0.29763123245421796,-0.27535327455746345,-0.10207782253134348,FALSE,FALSE,FALSE
ExampleGeneEnsembl-220,ExGene220,0.511730993,0.106273388,0.738381632,0.531884237,0.758479428,0.807406559,0.341852843,0.346884109,0.46362768890547523,0.3338306348746058,FALSE,0.39100235637418107,0.28204429015919324,0.13052856486585973,0.09415502444660101,FALSE,FALSE,FALSE
ExampleGeneEnsembl-106,ExGene106,0.752545177,0.294389242,0.014220718,0.859093526,0.867891859,0.816942698,0.055546255,0.532641836,0.4659750697759818,0.33163731796310897,FALSE,-0.5664996909756106,-0.284349589483563,-0.18787243814208154,-0.09430093522023988,FALSE,FALSE,FALSE
ExampleGeneEnsembl-8,ExGene8,0.760763633,0.632923978,0.296762461,0.544143087,0.710759702,0.611637174,0.284707279,0.672451703,0.467769107855705,0.3299684630117037,FALSE,-0.2616073106364036,-0.32757750772146377,-0.08632216220331941,-0.10809024674005589,FALSE,FALSE,FALSE
ExampleGeneEnsembl-134,ExGene134,0.302548511,0.537180445,0.442757832,0.18657765,0.347742297,0.817538769,0.231145727,0.246156469,0.47488882558985246,0.32340804949939234,FALSE,-0.43279067799117993,-0.30530493898268674,-0.13996798901064708,-0.0987380748189217,FALSE,FALSE,FALSE
ExampleGeneEnsembl-63,ExGene63,0.177978964,0.976344372,0.337971964,0.094785863,0.702358388,0.27851734,0.286405821,0.911767607,0.4772670934348464,0.321238508295238,FALSE,-0.5877354953142476,-0.2815511727955188,-0.18880327378691175,-0.09044507875760724,FALSE,FALSE,FALSE
ExampleGeneEnsembl-225,ExGene225,0.030368788,0.924980107,0.932817116,0.394234693,0.589383901,0.357443561,0.314824956,0.953832508,0.4783584043572394,0.3202465914433698,FALSE,-0.49430510147058576,-0.26816414102585734,-0.15829952387902413,-0.08587865211086994,FALSE,FALSE,FALSE
ExampleGeneEnsembl-4,ExGene4,0.538680572,0.832902363,0.089022977,0.017200343,0.582323894,0.053923397,0.545300436,0.17865898,0.4804995836882152,0.31830698427428955,FALSE,0.6971268657141705,0.27337296831398994,0.22190035028206523,0.08701652512613706,FALSE,FALSE,FALSE
ExampleGeneEnsembl-13,ExGene13,0.248618358,0.164478902,0.036445763,0.276411659,0.58235651,0.45552947,0.077057335,0.484147274,0.4820411427302169,0.31691589267784576,FALSE,-0.547672178404643,-0.2725681374729297,-0.17356601731392785,-0.0863811746027713,FALSE,FALSE,FALSE
ExampleGeneEnsembl-182,ExGene182,0.927930416,0.628592286,0.434062104,0.998430688,0.133548201,0.581456584,0.796424941,0.69071575,0.4826886917898021,0.31633287551488193,FALSE,-0.33906709572561067,-0.2772209477088319,-0.10725806938336216,-0.0876940995416955,FALSE,FALSE,FALSE
ExampleGeneEnsembl-131,ExGene131,0.007649239,0.957033546,0.880989795,0.919618171,0.209209087,0.169701846,0.784190719,0.651791821,0.49449972136293585,0.3058339487797917,FALSE,-0.519671685477191,-0.25796269697449303,-0.15893324363853925,-0.07889375025359403,FALSE,FALSE,FALSE
ExampleGeneEnsembl-123,ExGene123,0.669496811,0.670802764,0.229235493,0.296955312,0.111132064,0.287111336,0.492486269,0.739727558,0.50665501418846,0.29528765492984893,FALSE,-0.4088756976819528,-0.24969090100537483,-0.1207359459263097,-0.0737306406151982,FALSE,FALSE,FALSE
ExampleGeneEnsembl-10,ExGene10,0.199563241,0.654076249,0.469406818,0.887989021,0.892070398,0.215667927,0.364784982,0.749880832,0.5089164359526599,0.29335352293633643,FALSE,-0.3808383660583814,-0.24824269274774513,-0.11172027635254428,-0.07282286846075357,FALSE,FALSE,FALSE
ExampleGeneEnsembl-99,ExGene99,0.463764726,0.820913882,0.270492294,0.070403696,0.694638074,0.303889567,0.821321988,0.498073249,0.5131957600040521,0.2897169404000909,FALSE,0.41024329518844455,0.24769512385992307,0.11885443230164748,0.07176147343671846,FALSE,FALSE,FALSE
ExampleGeneEnsembl-156,ExGene156,0.907804632,0.965059786,0.767822281,0.40075639,0.378087255,0.528636486,0.507386524,0.040073262,0.5137419655096805,0.2892549570615593,FALSE,0.4047839128834377,0.2514983430946367,0.11708575334030873,0.07274714243289244,FALSE,FALSE,FALSE
ExampleGeneEnsembl-242,ExGene242,0.216164706,0.779601156,0.380767288,0.142976409,0.109760537,0.433028378,0.859137002,0.852818833,0.5166575268344973,0.2867972392857314,FALSE,-0.4960905322738729,-0.24354568996073495,-0.1422773950919358,-0.06984823152067746,FALSE,FALSE,FALSE
ExampleGeneEnsembl-107,ExGene107,0.507871403,0.220962515,0.307595446,0.963763192,0.386278631,0.730834448,0.212826675,0.092006328,0.5179853674975543,0.2856825084108016,FALSE,-0.5050819970172523,-0.27540715428281975,-0.14429309186102565,-0.07867900666979659,FALSE,FALSE,FALSE
ExampleGeneEnsembl-91,ExGene91,0.600062863,0.603427856,0.030612386,0.348778714,0.880184027,0.768169519,0.460902093,0.814912709,0.5195641950457621,0.284360785293075,FALSE,-0.3626651346807101,-0.24948549157425784,-0.10312774249622554,-0.07094389030328481,FALSE,FALSE,FALSE
ExampleGeneEnsembl-130,ExGene130,0.508457001,0.117911661,0.322444211,0.906342921,0.812584762,0.550212794,0.646487676,0.124462477,0.5201283105253577,0.28388950698208776,FALSE,0.4307047113700802,0.2515367224704161,0.12227254816571448,0.07140863613001666,FALSE,FALSE,FALSE
ExampleGeneEnsembl-52,ExGene52,0.694567458,0.945798239,0.226919017,0.233778543,0.737381542,0.790459489,0.15690986,0.43509858,0.5328007002017021,0.27343521309162994,FALSE,-0.4055300558098302,-0.234035610144909,-0.1108861972254215,-0.06399357693100283,FALSE,FALSE,FALSE
ExampleGeneEnsembl-118,ExGene118,0.73753363,0.425153941,0.638681053,0.798677929,0.880435517,0.94018635,0.229653934,0.79050151,0.53484229107056,0.2717742595020324,FALSE,-0.24892085009759596,-0.23434919453371852,-0.06765027970989054,-0.06369007880929908,FALSE,FALSE,FALSE
ExampleGeneEnsembl-200,ExGene200,0.391638753,0.617482324,0.047497457,0.051369188,0.669593107,0.641480046,0.250712762,0.539748593,0.5436411246035799,0.2646876977952149,FALSE,-0.4445730893963075,-0.22764675095804182,-0.1176730275340149,-0.06025529442164472,FALSE,FALSE,FALSE
ExampleGeneEnsembl-208,ExGene208,0.093120032,0.618706545,0.799979331,0.31703001,0.571432088,0.92041559,0.065236754,0.275170343,0.5465039237751124,0.2624067155664978,FALSE,-0.47843583413431445,-0.226870421430622,-0.1255447758445032,-0.05953232214679671,FALSE,FALSE,FALSE
ExampleGeneEnsembl-70,ExGene70,0.362102647,0.257539971,0.908769068,0.927545012,0.85633963,0.983238723,0.147487429,0.742936305,0.546615308810606,0.2623182093816153,FALSE,-0.3559681857710006,-0.2262443649902709,-0.09337693708827108,-0.05934801670692848,FALSE,FALSE,FALSE
ExampleGeneEnsembl-161,ExGene161,0.563743827,0.559999719,0.674566868,0.792169493,0.094790385,0.006605797,0.381933415,0.983423752,0.5482235377168472,0.26104232216920303,FALSE,-0.4496259153299968,-0.23185691094448285,-0.11737139304519582,-0.06052446644392591,FALSE,FALSE,FALSE
ExampleGeneEnsembl-117,ExGene117,0.359807501,0.052380303,0.243788242,0.09838955,0.749302594,0.888529602,0.551771562,0.300924288,0.5484297417594004,0.26087900112588264,FALSE,0.507067113080389,0.2326811366840652,0.13228316196419684,0.060701622518973895,FALSE,FALSE,FALSE
ExampleGeneEnsembl-62,ExGene62,0.11327561,0.744203451,0.102220771,0.39455938,0.926660023,0.032943831,0.75000808,0.023084355,0.5486692697371227,0.26068936340030086,FALSE,0.6632792102481663,0.22595559360503958,0.17290983507624877,0.05890421985363486,FALSE,FALSE,FALSE
ExampleGeneEnsembl-69,ExGene69,0.871930566,0.00504853,0.561750107,0.783187165,0.173379002,0.674755075,0.706492493,0.26230841,0.5537711918507527,0.2566696407639259,FALSE,0.42326307254373174,0.22270064068617,0.10863878077843514,0.05716049344281539,FALSE,FALSE,FALSE
ExampleGeneEnsembl-15,ExGene15,0.993825533,0.300796643,0.778939827,0.538145609,0.033162309,0.163956604,0.845786219,0.96262993,0.55849287033631545,0.2529823666725618,FALSE,0.4320076285708379,0.22007868983691325,0.1092903122964516,0.05567602780913899,FALSE,FALSE,FALSE
ExampleGeneEnsembl-154,ExGene154,0.27698405,0.169147899,0.360184641,0.502904761,0.726719087,0.490348472,0.414156398,0.301673257,0.5585500504181953,0.25293790464949095,FALSE,0.2803023105621986,0.22003740987624623,0.0708990791020134,0.05565580139859893,FALSE,FALSE,FALSE
ExampleGeneEnsembl-250,ExGene250,0.72665964,0.610622747,0.172861965,0.104972036,0.656213274,0.779660451,0.688465812,0.260049857,0.5683929570082062,0.24535131208063843,FALSE,0.35447988855706425,0.21411999592095288,0.0869721057636742,0.05253462194190674,FALSE,FALSE,FALSE
ExampleGeneEnsembl-219,ExGene219,0.970817506,0.436881287,0.811947045,0.092738752,0.254350958,0.463705114,0.044879616,0.512703367,0.5715306821711648,0.2429604498882102,FALSE,0.4672175996567875,0.22737803013214983,0.11351539820830277,0.05524386849560214,FALSE,FALSE,FALSE
ExampleGeneEnsembl-133,ExGene133,0.560554077,0.134035333,0.54803318,0.269021627,0.482584841,0.639965274,0.666510754,0.828461261,0.580521165226101,0.23618194169054546,FALSE,0.2706605128893154,0.24262089120624464,0.06392512547315743,0.057302673179781445,FALSE,FALSE,FALSE
ExampleGeneEnsembl-17,ExGene17,0.969585288,0.756038592,0.27621658,0.682188484,0.435592309,0.454108767,0.892129656,0.183676027,0.5809819746526534,0.2358373416721907,FALSE,0.3099304505707565,0.2081299811339419,0.07309317356587151,0.049084821472912064,FALSE,FALSE,FALSE
ExampleGeneEnsembl-235,ExGene235,0.884886215,0.543860355,0.502392849,0.027098678,0.083596237,0.206472332,0.733708304,0.845309234,0.5845438493851169,0.23318290480718767,FALSE,0.4420737914366306,0.20425034024314065,0.10308405082632037,0.04762768764575196,FALSE,FALSE,FALSE
ExampleGeneEnsembl-223,ExGene223,0.424990456,0.866127744,0.408164896,0.063293896,0.161681341,0.656135034,0.828818513,0.75295433,0.5897943784245259,0.22929937120579258,FALSE,-0.358757228972953,-0.2029553832400181,-0.08226280701903067,-0.04653754175976681,FALSE,FALSE,FALSE
ExampleGeneEnsembl-86,ExGene86,0.213213135,0.51361537,0.386166197,0.493965742,0.603715657,0.714537738,0.806217457,0.60140712,0.5910796577109898,0.22835398684615096,FALSE,-0.20961385081361447,-0.21904560995205233,-0.04786615853146317,-0.05001993833369807,FALSE,FALSE,FALSE
ExampleGeneEnsembl-132,ExGene132,0.869652097,0.530821087,0.471168601,0.66344587,0.680099574,0.817666363,0.380661071,0.666886427,0.5969597029046201,0.22405498444321564,FALSE,-0.15761283372269158,-0.20616020787685047,-0.0353139410077888,-0.046191222168657835,FALSE,FALSE,FALSE
ExampleGeneEnsembl-183,ExGene183,0.3009569,0.42551612,0.912564003,0.656521215,0.426608191,0.464379205,0.377644,0.849359771,0.5971040434297998,0.2239499878815189,FALSE,-0.24772926556318234,-0.20018609659599712,-0.055478966020772263,-0.04483167390672213,FALSE,FALSE,FALSE
ExampleGeneEnsembl-168,ExGene168,0.373883526,0.306968974,0.13104055,0.22745597,0.47209236,0.571130131,0.511664623,0.089266266,0.599429065265413,0.2222622027011045,FALSE,0.31723978692938937,0.19667249117320923,0.07051041382735514,0.043712861098871014,FALSE,FALSE,FALSE
ExampleGeneEnsembl-248,ExGene248,0.043931817,0.916322978,0.896337778,0.899393665,0.427679072,0.139970279,0.688408769,0.668420692,0.6020155041916927,0.22039232386145682,FALSE,-0.3517358301877436,-0.19454777076487606,-0.07751987700041557,-0.04287683530093703,FALSE,FALSE,FALSE
ExampleGeneEnsembl-18,ExGene18,0.653866386,0.369569269,0.598184676,0.170378826,0.081674661,0.978179531,0.213043546,0.515284951,0.6040976376377596,0.2188928626034111,FALSE,-0.3946449594450279,-0.19432347360866536,-0.08638496488492924,-0.04253602140923917,FALSE,FALSE,FALSE
ExampleGeneEnsembl-212,ExGene212,0.586307871,0.278903032,0.256711628,0.625960766,0.571643622,0.162227681,0.950731665,0.842837983,0.6094056212024073,0.21509354413052945,FALSE,0.3085616331798425,0.19073364950895794,0.06636961526335669,0.04102557665783198,FALSE,FALSE,FALSE
ExampleGeneEnsembl-105,ExGene105,0.862715646,0.653102709,0.860664069,0.847509141,0.146454157,0.372795044,0.79482735,0.336151242,0.6108085793956997,0.214094871487845,FALSE,0.27019423365094614,0.1927451856835318,0.05784719973025608,0.041265755758816566,FALSE,FALSE,FALSE
ExampleGeneEnsembl-184,ExGene184,0.196651322,0.300363599,0.44654582,0.13701132,0.594786138,0.614999888,0.363890122,0.987394502,0.612682911570398,0.2127642324706826,FALSE,-0.3486458631890766,-0.20229910368905293,-0.0741793694855025,-0.04304201352590838,FALSE,FALSE,FALSE
ExampleGeneEnsembl-51,ExGene51,0.490700383,0.02317947,0.143559772,0.084631637,0.43326363,0.594104057,0.146095059,0.173400118,0.6127705540178201,0.21270211239443387,FALSE,0.47144072816335303,0.19122775372337947,0.10027643874911527,0.04067454716540538,FALSE,FALSE,FALSE
ExampleGeneEnsembl-147,ExGene147,0.862622184,0.889734666,0.386507559,0.311536225,0.651008603,0.296791689,0.031366022,0.980247412,0.6128392173704282,0.2126534507145517,FALSE,-0.3596317138078091,-0.1886437166228288,-0.07647692492761869,-0.040115737295462583,FALSE,FALSE,FALSE
ExampleGeneEnsembl-236,ExGene236,0.195870471,0.833787859,0.625278273,0.606358089,0.932259964,0.497737194,0.885860583,0.275596922,0.6218868466653542,0.20628862871641027,FALSE,0.2538221801515632,0.18685438485736242,0.05236062948127562,0.03854593482187367,FALSE,FALSE,FALSE
ExampleGeneEnsembl-237,ExGene237,0.632793245,0.544275504,0.855865782,0.574298641,0.182510579,0.275778771,0.013411973,0.742510502,0.622126683746495,0.2061211708558012,FALSE,-0.34310440279217436,-0.193811406661056,-0.0707210812293034,-0.03994863406618669,FALSE,FALSE,FALSE
ExampleGeneEnsembl-218,ExGene218,0.968266392,0.268466443,0.12715509,0.876179241,0.207745457,0.778975041,0.954356153,0.900277613,0.6230728715586373,0.20546115740977,FALSE,-0.3229474066955075,-0.18731867559457613,-0.06635314796214267,-0.03848671189212685,FALSE,FALSE,FALSE
ExampleGeneEnsembl-113,ExGene113,0.226191807,0.947023821,0.508741176,0.17268214,0.344235668,0.088327087,0.662870515,0.055816023,0.6251897450216599,0.20398815432052786,FALSE,0.46295287319789097,0.1945858413835335,0.09443690214102315,0.03969320664073399,FALSE,FALSE,FALSE
ExampleGeneEnsembl-114,ExGene114,0.783407463,0.640199089,0.23033614,0.588810662,0.242154904,0.765122359,0.903192375,0.541464335,0.6261207882135882,0.2033418767027084,FALSE,-0.23190117880463268,-0.20905940055109953,-0.047155220907704354,-0.04251053085040381,FALSE,FALSE,FALSE
ExampleGeneEnsembl-61,ExGene61,0.280741811,0.989836011,0.229240474,0.479181799,0.95123368,0.43434054,0.904579373,0.964644377,0.6283082567553466,0.20182723307456849,FALSE,-0.27772112247712183,-0.1817553913502568,-0.05605168571592085,-0.03668318773260769,FALSE,FALSE,FALSE
ExampleGeneEnsembl-164,ExGene164,0.828821639,0.494031108,0.225568529,0.92289623,0.89360407100000006,0.150330056,0.642087161,0.579565799,0.6303371625894962,0.2004270875566376,FALSE,0.27079405971712733,0.17926565697311375,0.05427446471674203,0.03592969352604843,FALSE,FALSE,FALSE
ExampleGeneEnsembl-6,ExGene6,0.187264858,0.983708156,0.102285752,0.847433887,0.935934581,0.157185671,0.860098005,0.671357187,0.6311067556706433,0.19989717090305878,FALSE,-0.35080447252037483,-0.17958700190063648,-0.07012482159696276,-0.03589893361089947,FALSE,FALSE,FALSE
ExampleGeneEnsembl-174,ExGene174,0.918717953,0.100013158,0.105894785,0.70367806,0.278795619,0.13978722,0.766389114,0.624135102,0.6332580657026267,0.19841926996562528,FALSE,0.400919668252813,0.17854045275256833,0.07955018788958383,0.03542586629449682,FALSE,FALSE,FALSE
ExampleGeneEnsembl-34,ExGene34,0.496961661,0.134062854,0.521469672,0.616533317,0.179831663,0.714311947,0.756010616,0.892409744,0.6335618737182989,0.19821096546521744,FALSE,-0.27051383661223866,-0.17963289623275416,-0.053618808726611907,-0.035605209791607424,FALSE,FALSE,FALSE
ExampleGeneEnsembl-140,ExGene140,0.515279115,0.366933965,0.913765809,0.884344568,0.08177725,0.125016892,0.454233266,0.101178657,0.6420525846162366,0.19242940141176001,FALSE,0.4114371930108887,0.17305903257852082,0.0791726127696201,0.03330164604798304,FALSE,FALSE,FALSE
ExampleGeneEnsembl-189,ExGene189,0.842508139,0.428448018,0.201710955,0.509021416,0.996802279,0.335884052,0.08810458,0.408614664,0.6439197202860145,0.19116827427073935,FALSE,0.34011091126278303,0.21282276939079,0.0650184159667548,0.040684961549956856,FALSE,FALSE,FALSE
ExampleGeneEnsembl-87,ExGene87,0.817283605,0.824741868,0.35500248,0.890064617,0.748337619,0.285524676,0.112352365,0.455921297,0.6492307341938055,0.18760092911870369,FALSE,-0.27286561836933904,-0.16957041012627327,-0.05118984353063762,-0.031811566490728506,FALSE,FALSE,FALSE
ExampleGeneEnsembl-43,ExGene43,0.584033831,0.9352944,0.947405104,0.014619884,0.228091746,0.834339998,0.083429299,0.596401223,0.6511519224900482,0.18631767287328085,FALSE,-0.3693341260763414,-0.16825121642185242,-0.06881347488323085,-0.03134817510181828,FALSE,FALSE,FALSE
ExampleGeneEnsembl-166,ExGene166,0.150872354,0.058467438,0.211579146,0.175807402,0.411183398,0.261034328,0.091563816,0.636628891,0.6573633851133347,0.18219448961564136,FALSE,-0.3876915882926956,-0.17150780142862604,-0.07063527105726504,-0.031247776346389287,FALSE,FALSE,FALSE
ExampleGeneEnsembl-54,ExGene54,0.261204968,0.456018679,0.09655679,0.301471254,0.105091568,0.743755746,0.892031658,0.255896694,0.66102335077426,0.17978319870908166,FALSE,-0.3750607042972472,-0.1684874401585304,-0.06742961312864011,-0.030291210934005577,FALSE,FALSE,FALSE
ExampleGeneEnsembl-148,ExGene148,0.867112864,0.14567537,0.139893459,0.274975406,0.328228838,0.780885875,0.980588676,0.646949897,0.6610677736556493,0.1797540137128157,FALSE,0.3251809681285087,0.16484328976062193,0.05845258420411865,0.029631242968096487,FALSE,FALSE,FALSE
ExampleGeneEnsembl-115,ExGene115,0.24386604,0.319612489,0.473338259,0.037946922,0.571547315,0.755768245,0.123314828,0.654949961,0.661438598619292,0.1795104651854758,FALSE,-0.3245368201485621,-0.16698024001056275,-0.05825775555468348,-0.02997470056107852,FALSE,FALSE,FALSE
ExampleGeneEnsembl-159,ExGene159,0.452563893,0.279282385,0.158028491,0.818471191,0.937613026,0.598687016,0.609931955,0.025463381,0.6634942926220957,0.1781628085846109,FALSE,0.3257820061124603,0.16181226791200676,0.058042237195324795,0.028828928114648635,FALSE,FALSE,FALSE
ExampleGeneEnsembl-126,ExGene126,0.505092901,0.470649002,0.889830639,0.996551433,0.390078548,0.147986454,0.600971338,0.390267665,0.6638769545225646,0.17791240696295513,FALSE,0.2506487016461557,0.16654431775552153,0.04459351381200718,0.02963030043788806,FALSE,FALSE,FALSE
ExampleGeneEnsembl-119,ExGene119,0.649782265,0.183509208,0.267737118,0.424055205,0.197634158,0.714083083,0.622781932,0.081770705,0.6643520049266607,0.17760175001416004,FALSE,0.3084295399629961,0.16191149035242766,0.054777626053490416,0.02875576403399194,FALSE,FALSE,FALSE
ExampleGeneEnsembl-100,ExGene100,0.663494209,0.390290904,0.76518784,0.660424586,0.204796641,0.124941625,0.683090815,0.790224688,0.668363607087803,0.1749872058032476,FALSE,0.236813385348227,0.15964775318706187,0.041439312598893975,0.02793631424297047,FALSE,FALSE,FALSE
ExampleGeneEnsembl-192,ExGene192,0.679611175,0.767961616,0.200267424,0.668664097,0.93991396,0.286689049,0.327975948,0.784668331,0.6751549796462217,0.17059652482891532,FALSE,-0.2236891189127197,-0.15823658399870238,-0.03816058632855198,-0.026994611330977376,FALSE,FALSE,FALSE
ExampleGeneEnsembl-29,ExGene29,0.533635317,0.209349937,0.316776863,0.672247111,0.45078479,0.281179118,0.375355814,0.772542833,0.6767110759452086,0.16959671522257422,FALSE,-0.20707348051754157,-0.17295653073320635,-0.03511898210548077,-0.029332859488644003,FALSE,FALSE,FALSE
ExampleGeneEnsembl-22,ExGene22,0.359954874,0.10610546,0.16485341,0.491726202,0.959489967,0.525495242,0.317770882,0.34294779,0.6880103914980551,0.16240500226422327,FALSE,0.29749895315464936,0.15534310824516567,0.048315318160684885,0.025228497846287612,FALSE,FALSE,FALSE
ExampleGeneEnsembl-178,ExGene178,0.279766095,0.76354676,0.918431177,0.165886524,0.326246197,0.908942715,0.202419614,0.29557412,0.6900781604335561,0.1611017169111721,FALSE,-0.30537275251443596,-0.1481394296217078,-0.049196074727966076,-0.023865516454298873,FALSE,FALSE,FALSE
ExampleGeneEnsembl-217,ExGene217,0.722807745,0.789418093,0.095180877,0.932882694,0.418775738,0.495384013,0.964828388,0.365475185,0.6917178259426935,0.16007103217329005,FALSE,-0.23058937490370432,-0.14957147527968484,-0.036910679249029694,-0.023942060431700888,FALSE,FALSE,FALSE
ExampleGeneEnsembl-96,ExGene96,0.309493788,0.550731777,0.289179104,0.0834792,0.531079562,0.116502142,0.971786595,0.93127556,0.6960814877415435,0.15733991612946147,FALSE,0.32127826841851104,0.14593500328590198,0.050549895807187134,0.0229614011773565,FALSE,FALSE,FALSE
ExampleGeneEnsembl-203,ExGene203,0.551161558,0.984450896,0.82867246,0.927313193,0.768501175,0.689546498,0.493192575,0.312910408,0.7071623715451146,0.15048085640150188,FALSE,-0.14173771015689296,-0.14557730935776425,-0.021328812008797104,-0.021906598184782737,FALSE,FALSE,FALSE
ExampleGeneEnsembl-89,ExGene89,0.508093927,0.95455197,0.306921476,0.209739871,0.7350338,0.544982896,0.793761499,0.966840848,0.7103484327848777,0.14852857336943595,FALSE,-0.1912843741262586,-0.14160475672431602,-0.028411195196838636,-0.021032352498588702,FALSE,FALSE,FALSE
ExampleGeneEnsembl-243,ExGene243,0.056882276,0.479317495,0.629475505,0.197913306,0.360241459,0.029520355,0.939987993,0.870264527,0.7107350436709072,0.14829227060275058,FALSE,0.3330951375588135,0.13752862322838053,0.049395434275331995,0.020394431811406735,FALSE,FALSE,FALSE
ExampleGeneEnsembl-170,ExGene170,0.915416289,0.399070138,0.041197896,0.126391805,0.492179353,0.988422844,0.174330293,0.520352134,0.7114268025527561,0.14786977707335966,FALSE,-0.3257146451580631,-0.13727250380735695,-0.048163351969051235,-0.020298454536295786,FALSE,FALSE,FALSE
ExampleGeneEnsembl-155,ExGene155,0.351911459,0.092974346,0.356296977,0.129210771,0.590418486,0.853105144,0.273825229,0.201622504,0.7136430048915539,0.14651898679288655,FALSE,0.3003561495821426,0.1490645004493706,0.0440078787137882,0.021840779572629563,FALSE,FALSE,FALSE
ExampleGeneEnsembl-186,ExGene186,0.699772976,0.710896377,0.127787655,0.119452436,0.586023085,0.854481423,0.824554332,0.907366998,0.7208861161385299,0.1421333386635477,FALSE,-0.21187646930504028,-0.1329227528832632,-0.030114709966570057,-0.018892754651647907,FALSE,FALSE,FALSE
ExampleGeneEnsembl-194,ExGene194,0.128793731,0.423589805,0.823601345,0.184596218,0.443638202,0.553231202,0.954848912,0.84216467800000006,0.7213223834375613,0.14187059095898347,FALSE,0.23062075699913073,0.13379041058148228,0.0327183030828748,0.018980924613839927,FALSE,FALSE,FALSE
ExampleGeneEnsembl-44,ExGene44,0.14746388,0.334257162,0.91020371,0.74512976,0.995011135,0.72889689,0.358276342,0.238448407,0.7234598281937525,0.14058557909663466,FALSE,0.23628240170058687,0.13435921221057956,0.03321789827342066,0.018888967655591955,FALSE,FALSE,FALSE
ExampleGeneEnsembl-247,ExGene247,0.421377305,0.399323621,0.500752249,0.940495502,0.274797715,0.100548444,0.962685897,0.382989147,0.72716426548269,0.13836747148713688,FALSE,0.24417608535569157,0.12972875574417284,0.033786027528294356,0.01795023991149358,FALSE,FALSE,FALSE
ExampleGeneEnsembl-53,ExGene53,0.584629452,0.034974208,0.664208809,0.921239162,0.579458802,0.403584421,0.156911442,0.310395704,0.7301871603774003,0.13656580796020304,FALSE,0.24927528926718137,0.13124936230224274,0.03404248128328595,0.017924175207067194,FALSE,FALSE,FALSE
ExampleGeneEnsembl-233,ExGene233,0.882146181,0.410459464,0.858703229,0.583870589,0.072974904,0.988958033,0.652560481,0.797758338,0.7403397980825686,0.1305689038353107,FALSE,-0.17322992726617856,-0.12513277642168794,-0.022618441714615533,-0.016338449451248807,FALSE,FALSE,FALSE
ExampleGeneEnsembl-230,ExGene230,0.826558295,0.831580969,0.929988723,0.74047254,0.200744196,0.475272383,0.791437948,0.950443745,0.7582824154187026,0.12016901519261869,FALSE,-0.1251247618259075,-0.11712500116852506,-0.015036119404830274,-0.01407479604485597,FALSE,FALSE,FALSE
ExampleGeneEnsembl-38,ExGene38,0.960318821,0.940030456,0.447869257,0.091316043,0.887696109,0.097206503,0.179507185,0.954493918,0.7609791582163055,0.11862723757318774,FALSE,0.24896130465658575,0.11369430844525275,0.02953359183402757,0.013487241738654282,FALSE,FALSE,FALSE
ExampleGeneEnsembl-145,ExGene145,0.750530228,0.667878598,0.446845565,0.165640037,0.892993316,0.848994676,0.325095806,0.483193981,0.7612683304687066,0.11846223691990178,FALSE,0.15746263010042197,0.11257695929036235,0.018653375392987046,0.013336118423177043,FALSE,FALSE,FALSE
ExampleGeneEnsembl-226,ExGene226,0.244385168,0.512988811,0.736446704,0.339624735,0.995796296,0.78380368,0.358738601,0.448663607,0.7616451312814778,0.11824732974203181,FALSE,0.163545828590634,0.11696393930918057,0.01933885752129051,0.013830673499419672,FALSE,FALSE,FALSE
ExampleGeneEnsembl-75,ExGene75,0.667773767,0.245550647,0.698123436,0.93175958,0.792005927,0.328833019,0.314750671,0.726946564,0.7674498004327136,0.11495002250624833,FALSE,0.14701898616101058,0.11197826025630116,0.01689983576805398,0.012871903536672351,FALSE,FALSE,FALSE
ExampleGeneEnsembl-216,ExGene216,0.764016741,0.901834083,0.60502959,0.811764339,0.523078949,0.538657339,0.337327918,0.199525465,0.769401344593722,0.11384705906231533,FALSE,-0.13714033811243037,-0.11263525547013607,-0.015613024172911756,-0.012823192582007557,FALSE,FALSE,FALSE
ExampleGeneEnsembl-33,ExGene33,0.128997715,0.577886012,0.63201423,0.69113354,0.256155524,0.050841876,0.344919902,0.259984384,0.7741632792400954,0.11116743234748527,FALSE,-0.21396451486675683,-0.10743281020687413,-0.023785885731212698,-0.011943029660572906,FALSE,FALSE,FALSE
ExampleGeneEnsembl-193,ExGene193,0.025875269,0.185954066,0.480754415,0.520237941,0.181357188,0.272944125,0.157815621,0.034522425,0.7742939248903731,0.11109414819732145,FALSE,-0.26117905574224837,-0.10611117235466133,-0.02901546472466582,-0.011788330306960266,FALSE,FALSE,FALSE
ExampleGeneEnsembl-45,ExGene45,0.106678316,0.447377812,0.901413829,0.38580037,0.778481133,0.498575956,0.308040491,0.533920015,0.7752098821548234,0.11058069965962092,FALSE,0.16698721026824673,0.1294503629092263,0.018465562545670958,0.014314711701694084,FALSE,FALSE,FALSE
ExampleGeneEnsembl-231,ExGene231,0.741481218,0.859715937,0.345446688,0.937179901,0.962877497,0.089441555,0.994300482,0.865359948,0.7797590651841146,0.10803956759800229,FALSE,0.14569674502129767,0.10449591324567427,0.015741013332537395,0.011289693282821008,FALSE,FALSE,FALSE
ExampleGeneEnsembl-48,ExGene48,0.879317584,0.901747553,0.125491116,0.198866068,0.888733024,0.752604154,0.26208534,0.5913695,0.7838135327233388,0.10578724259772822,FALSE,-0.181483307328542,-0.1024567493257375,-0.01919861865980254,-0.01083861699669642,FALSE,FALSE,FALSE
ExampleGeneEnsembl-110,ExGene110,0.613545473,0.793747037,0.418502226,0.204653263,0.89280601,0.810085618,0.90792063,0.818148124,0.7967467819226164,0.09867968197543774,FALSE,0.10900047031665488,0.09590759710782618,0.010756131746020645,0.009464131181628699,FALSE,FALSE,FALSE
ExampleGeneEnsembl-116,ExGene116,0.930402956,0.341608152,0.48787928,0.25506965,0.295833666,0.977227243,0.608428546,0.525723167,0.7986050627581812,0.09766794092233254,FALSE,0.14557231883741448,0.09472497879701455,0.014217748636139553,0.00925159363301602,FALSE,FALSE,FALSE
ExampleGeneEnsembl-109,ExGene109,0.003926877,0.665999129,0.982810285,0.361757419,0.42308779,0.938374315,0.97553042,0.104664291,0.8009050861128281,0.0964189483600173,FALSE,0.2040193688399086,0.0940251365978786,0.019671332988618468,0.00906580479017443,FALSE,FALSE,FALSE
ExampleGeneEnsembl-104,ExGene104,0.851033006,0.328066843,0.474122641,0.299360003,0.158018604,0.653436525,0.587190821,0.998020601,0.81878886262465,0.08682807335388175,FALSE,-0.13844228879994674,-0.08481244464992402,-0.012020677207201057,-0.007364101165385638,FALSE,FALSE,FALSE
ExampleGeneEnsembl-136,ExGene136,0.481709117,0.49182377,0.293293189,0.051587542,0.993571359,0.145209658,0.090337243,0.909472805,0.820105641690734,0.08613020048429144,FALSE,0.21810556082379484,0.08400035740550643,0.018785475680492273,0.007234967624088404,FALSE,FALSE,FALSE
ExampleGeneEnsembl-2,ExGene2,0.770591101,0.495996977,0.208563112,0.4520072,0.878079061,0.513035341,0.221338011,0.799520101,0.8225332518723162,0.0848465361588311,FALSE,-0.12108774084659578,-0.08869736629906796,-0.01027387538213186,-0.007525664296886957,FALSE,FALSE,FALSE
ExampleGeneEnsembl-37,ExGene37,0.891312254,0.996901189,0.628326963,0.274253731,0.134196102,0.857299338,0.584604366,0.333196107,0.8245178805212308,0.08379992179326111,FALSE,-0.13713242122093808,-0.08212527729137821,-0.01149168617363515,-0.0068820918142673765,FALSE,FALSE,FALSE
ExampleGeneEnsembl-31,ExGene31,0.395611114,0.355254503,0.28053545,0.12942795000000001,0.358490431,0.918138469,0.535312355,0.32954597,0.8267193401173366,0.0826419024496543,FALSE,-0.14202649045339774,-0.09117106054239274,-0.011737339369316454,-0.007534549891575947,FALSE,FALSE,FALSE
ExampleGeneEnsembl-32,ExGene32,0.153455042,0.246620422,0.44754384,0.935852624,0.981998904,0.470596682,0.575418743,0.699799526,0.8375261613199454,0.07700161827387529,FALSE,-0.1244478525346147,-0.07591745250876185,-0.009582686035873925,-0.005845766698404736,FALSE,FALSE,FALSE
ExampleGeneEnsembl-210,ExGene210,0.997702204,0.622052928,0.358363219,0.384137299,0.751363692,0.909935622,0.078554773,0.470559028,0.8376457302771952,0.076939620888784,FALSE,-0.12672532700042763,-0.07851530127286235,-0.009750198616420085,-0.00604093751390269,FALSE,FALSE,FALSE
ExampleGeneEnsembl-65,ExGene65,0.798570697,0.956128721,0.075962243,0.02606801,0.452237464,0.320514854,0.261424569,0.494848565,0.840083183320191,0.07567770885678243,FALSE,-0.17865201275280015,-0.07499523697855269,-0.013519975007784592,-0.005675467709708315,FALSE,FALSE,FALSE
ExampleGeneEnsembl-92,ExGene92,0.401481562,0.795147153,0.790186836,0.888463709,0.775863164,0.033747334,0.336773898,0.774548405,0.846229627687771,0.0725117734787734,FALSE,-0.11291802190431066,-0.07369340841405994,-0.008187886025996547,-0.005343639737799048,FALSE,FALSE,FALSE
ExampleGeneEnsembl-241,ExGene241,0.833110883,0.576059146,0.447122335,0.934437541,0.384480739,0.03075271,0.660513871,0.612799805,0.847884439638363,0.07166333482737082,FALSE,0.11032087598909468,0.07376866100838633,0.007905961874455346,0.005286508253610804,FALSE,FALSE,FALSE
ExampleGeneEnsembl-239,ExGene239,0.140060741,0.205964364,0.366758119,0.157130237,0.588232503,0.812321105,0.881578823,0.628222928,0.8540843947413538,0.06849921319910461,FALSE,0.13213265993560463,0.06787941081549749,0.00905098324349377,0.00464968623328037,FALSE,FALSE,FALSE
ExampleGeneEnsembl-163,ExGene163,0.760110969,0.619272796,0.624627411,0.039814034,0.067133642,0.732197027,0.214958522,0.440034818,0.8601995328860652,0.06540079761668559,FALSE,-0.1357754198441082,-0.06504627966777647,-0.008879820754545038,-0.0042540785722705796,FALSE,FALSE,FALSE
ExampleGeneEnsembl-244,ExGene244,0.363483221,0.69039754,0.015508504,0.397079121,0.695551655,0.044745205,0.497318707,0.297753383,0.8621321807179063,0.06442614373964058,FALSE,0.13648446702987835,0.0641237833645727,0.008793167891095178,0.004131248084175533,FALSE,FALSE,FALSE
ExampleGeneEnsembl-137,ExGene137,0.246078011,0.052609333,0.981411197,0.878530363,0.91758969,0.575374136,0.343295911,0.795414147,0.8666671641612772,0.06214765744988049,FALSE,0.11236111013921025,0.06195628769534644,0.006982979783619932,0.003850438144556636,FALSE,FALSE,FALSE
ExampleGeneEnsembl-144,ExGene144,0.625504672,0.415968425,0.212438686,0.363909935,0.605258274,0.262762792,0.490356466,0.788154584,0.8687368414667652,0.061111760498696426,FALSE,0.0787872770553778,0.06124275562075408,0.004814829205752689,0.0037426526137757177,FALSE,FALSE,FALSE
ExampleGeneEnsembl-198,ExGene198,0.587031699,0.608715782,0.52930331,0.641711471,0.746987567,0.016503197,0.034817414,0.78781544,0.8700433094235124,0.06045912832908794,FALSE,-0.11437359044490022,-0.06044361100105769,-0.006914927582166768,-0.0036543680341864183,FALSE,FALSE,FALSE
ExampleGeneEnsembl-64,ExGene64,0.410948153,0.12359717,0.867027034,0.610617993,0.586704802,0.959363115,0.444827269,0.482570857,0.8739548644571449,0.0585109959964531,FALSE,0.0858076499088883,0.06031454569510283,0.005020691060284012,0.003529064141694049,FALSE,FALSE,FALSE
ExampleGeneEnsembl-1,ExGene1,0.755487537,0.519153408,0.667972633,0.852899001,0.695714968,0.142072575,0.05065439,0.511386979,0.874977373249514,0.05800317760618544,FALSE,0.09929509638396361,0.0581655007004725,0.005759431110982343,0.00337378386768221,FALSE,FALSE,FALSE
ExampleGeneEnsembl-101,ExGene101,0.550085125,0.244706137,0.747870523,0.813092026,0.682964685,0.107045966,0.046340965,0.708926097,0.8754315070055545,0.057777827071296826,FALSE,0.11358800169638447,0.05788375833194508,0.006562867919387872,0.0033443977791398597,FALSE,FALSE,FALSE
ExampleGeneEnsembl-47,ExGene47,0.059425456,0.657801418,0.77343601,0.318790956,0.715754107,0.751158043,0.155722505,0.129864469,0.8760228864585275,0.05748454756158661,FALSE,-0.12423989680750257,-0.057981467353791394,-0.007141874257077493,-0.0033330384177896024,FALSE,FALSE,FALSE
ExampleGeneEnsembl-167,ExGene167,0.657748904,0.352435472,0.33713201,0.79350601,0.889394993,0.057107596,0.103424444,0.959418484,0.8763387455190021,0.05732798644314436,FALSE,-0.12157820711569085,-0.0576209807987193,-0.006969833809310122,-0.0033032948060696616,FALSE,FALSE,FALSE
ExampleGeneEnsembl-240,ExGene240,0.036826809,0.298188071,0.661306021,0.375876004,0.618292878,0.938155225,0.94603703,0.496564443,0.8772080657735696,0.05689738371493295,FALSE,0.10148287818839402,0.05758218377836121,0.005774110260780854,0.0032762756055812053,FALSE,FALSE,FALSE
ExampleGeneEnsembl-214,ExGene214,0.446128692,0.087361547,0.233799389,0.703973214,0.160375352,0.297377608,0.753413825,0.631400984,0.8774334305215304,0.05678582284372389,FALSE,-0.11010793665151271,-0.05694544352146513,-0.006252569784380773,-0.003233693867567203,FALSE,FALSE,FALSE
ExampleGeneEnsembl-23,ExGene23,0.381395291,0.915853081,0.468212262,0.839721678,0.189153397,0.329171951,0.992757912,0.104099521,0.8853038274647829,0.05290765817590315,FALSE,-0.10761184747868134,-0.05333220720942282,-0.005693490842079498,-0.00282168218880258,FALSE,FALSE,FALSE
ExampleGeneEnsembl-180,ExGene180,0.571589308,0.158224711,0.547636641,0.167162245,0.257187088,0.898790281,0.267474712,0.530717188,0.8920700195537761,0.04960105603601032,FALSE,-0.0942724505560582,-0.052924657722606086,-0.0046760131026830545,-0.0026251189133856506,FALSE,FALSE,FALSE
ExampleGeneEnsembl-158,ExGene158,0.545768669,0.590507694,0.716418332,0.368928687,0.009650524,0.803709211,0.995927407,0.382144056,0.899140197370776,0.04617258613396116,FALSE,0.08009865617588326,0.049352623108475234,0.00369836210149551,0.002278738241412995,FALSE,FALSE,FALSE
ExampleGeneEnsembl-41,ExGene41,0.122946251,0.146178978,0.918307119,0.269919142,0.965028321,0.98684886,0.16924953,0.619145256,0.9017215171759143,0.044927566923314746,FALSE,0.10551891507474236,0.0457557996549189,0.004740708118696053,0.0020556967511261505,FALSE,FALSE,FALSE
ExampleGeneEnsembl-66,ExGene66,0.208665626,0.737326027,0.426485857,0.134509078,0.159568929,0.534104738,0.757220981,0.238943722,0.9083936445339784,0.041725912930372186,FALSE,-0.08391138762835688,-0.04243040661937468,-0.003501279254047529,-0.0017704474522003155,FALSE,FALSE,FALSE
ExampleGeneEnsembl-176,ExGene176,0.63553039,0.488206909,0.183607514,0.079228475,0.244577966,0.245900898,0.095951222,0.278651037,0.911394312059601,0.04029368614290178,FALSE,0.08675460471062986,0.04164359537846681,0.003495662813661628,0.001677973962041937,FALSE,FALSE,FALSE
ExampleGeneEnsembl-67,ExGene67,0.321345923,0.975593393,0.888576051,0.720514806,0.836922897,0.251530833,0.176970358,0.386018215,0.9137950409729106,0.039151203124201235,FALSE,-0.06955575929074587,-0.03995899741284707,-0.0027231916604500386,-0.0015644428243498073,FALSE,FALSE,FALSE
ExampleGeneEnsembl-222,ExGene222,0.995710165,0.795726185,0.535205867,0.98276115,0.175354764,0.055461874,0.128241749,0.127697714,0.9212313420327715,0.03563129493670983,FALSE,-0.09666862387449593,-0.0365624461846977,-0.0034444282483980337,-0.0013027673036145448,FALSE,FALSE,FALSE
ExampleGeneEnsembl-151,ExGene151,0.304405524,0.211542228,0.771386403,0.46186154,0.002491069,0.191208373,0.597189717,0.90877003,0.9212678325596049,0.03561409261209975,FALSE,-0.08193528554806655,-0.0364406004689069,-0.0029180508477076803,-0.001297798919940176,FALSE,FALSE,FALSE
ExampleGeneEnsembl-125,ExGene125,0.67720043,0.300216732,0.240711807,0.795956833,0.376787768,0.081697066,0.496067031,0.540955473,0.92351490732141,0.03455608981207199,FALSE,0.0591540740641413,0.03647533557563251,0.002044133496110425,0.0012604449720770216,FALSE,FALSE,FALSE
ExampleGeneEnsembl-175,ExGene175,0.600864513,0.276071659,0.744562634,0.839428977,0.60009865,0.899222207,0.245503432,0.249878652,0.9315051717190808,0.030814729556977772,FALSE,-0.04764846915123456,-0.032627379301768344,-0.001468274690699291,-0.0010054038693369258,FALSE,FALSE,FALSE
ExampleGeneEnsembl-78,ExGene78,0.526433702,0.956762018,0.082120973,0.832968393,0.750966775,0.05482487,0.569593756,0.179631186,0.9322245383326716,0.030479469605303636,FALSE,-0.0694028933283713,-0.03217847643250032,-0.002115363377722223,-9.807828943693728e-4,FALSE,FALSE,FALSE
ExampleGeneEnsembl-173,ExGene173,0.241167709,0.524972061,0.805943391,0.352333256,0.482223437,0.671160004,0.690131168,0.624024285,0.937128297511483,0.028200947973472595,FALSE,0.0308631417657203,0.030161464447431008,8.703698552329873e-4,8.505818896857452e-4,FALSE,FALSE,FALSE
ExampleGeneEnsembl-30,ExGene30,0.666662589,0.938603792,0.734525471,0.178872121,0.863335726,0.907628666,0.567615378,0.745730471,0.9373548921872111,0.02809594962692294,FALSE,0.031571328869055566,0.032129633466924,8.870264655600032e-4,9.027125634181941e-4,FALSE,FALSE,FALSE
ExampleGeneEnsembl-71,ExGene71,0.990462977,0.500859271,0.259990907,0.726403434,0.519289303,0.224782465,0.672968573,0.94408892,0.9589245681538311,0.018215554375741072,FALSE,0.02777499061937299,0.018982791070739427,5.059368519128869e-4,3.4578206295238613e-4,FALSE,FALSE,FALSE
ExampleGeneEnsembl-122,ExGene122,0.618159636,0.495881674,0.278350063,0.943274079,0.748600794,0.395213003,0.816968044,0.592570164,0.9602156361550409,0.01763122625629037,FALSE,0.020738982681622057,0.018385315435878253,3.656536959849661e-4,3.241556562432373e-4,FALSE,FALSE,FALSE
ExampleGeneEnsembl-169,ExGene169,0.566995843,0.822173449,0.191856898,0.15557216200000001,0.945227039,0.118964784,0.122416314,0.785263994,0.960775642753939,0.017378015546496265,FALSE,-0.04316832669862587,-0.018126694320789487,-7.501798524849502e-4,-3.1500597571326527e-4,FALSE,FALSE,FALSE
ExampleGeneEnsembl-179,ExGene179,0.903438839,0.034469305,0.098878593,0.511945574,0.065965302,0.530416577,0.306473663,0.264156709,0.9714999917289517,0.012557198761646573,FALSE,0.03587949506958126,0.013562379202277796,4.5054595105625014e-4,1.7030549132382398e-4,FALSE,FALSE,FALSE
ExampleGeneEnsembl-207,ExGene207,0.069002814,0.450074641,0.611587258,0.771252138,0.889133194,0.697927098,0.432988755,0.055452647,0.9772690413490805,0.00998585891334621,FALSE,0.020316724981791302,0.010505852709671642,2.0287994924942428e-4,1.04909962923177e-4,FALSE,FALSE,FALSE
ExampleGeneEnsembl-227,ExGene227,0.626404755,0.167932878,0.02397606,0.787428449,0.506784306,0.090135639,0.160980868,0.29379765,0.980845452567196,0.008399417069398502,FALSE,-0.022963195030835874,-0.008859033866076064,-1.928774523099297e-4,-7.441072027309869e-5,FALSE,FALSE,FALSE
